name_email_similarity,current_address_months_count,intended_balcon_amount,payment_type,velocity_6h,date_of_birth_distinct_emails_4w,employment_status,credit_risk_score,housing_status,proposed_credit_limit,source,device_os
0.986506311,25,102.4537109,AA,13096.03502,5,CB,163,BC,1500,INTERNET,linux
0.617426006,89,-0.849550969,AD,9223.283431,18,CA,154,BC,1500,INTERNET,other
0.996707021,14,-1.490385521,AB,4471.472149,11,CA,89,BC,200,INTERNET,windows
0.475099946,14,-1.863100677,AB,14431.99362,13,CA,90,BC,200,INTERNET,linux
0.842306837,29,47.1524978,AA,7601.511579,6,CA,91,BC,200,INTERNET,other
0.294840464,369,-1.232556198,AD,11556.95551,5,CB,134,BE,200,INTERNET,linux
0.773085465,4,-0.544676495,AB,11723.99361,8,CA,72,BC,200,INTERNET,x11
0.153880433,103,-1.101184433,AB,4999.555801,7,CA,163,BE,200,INTERNET,other
0.523654659,2,-0.955737207,AB,6979.994002,10,CA,35,BC,200,INTERNET,other
0.834474588,134,-1.3563932,AD,7549.992086,20,CA,201,BD,1500,INTERNET,other
0.475014874,67,-0.947659272,AB,7452.13916,9,CA,184,BA,1500,INTERNET,other
0.333012708,14,53.10629225,AA,5585.82739,6,CA,136,BA,1500,INTERNET,other
0.767431937,34,-0.669855506,AB,6652.516398,22,CA,84,BE,200,INTERNET,other
0.866088539,33,-0.975230201,AD,10746.59028,8,CA,123,BA,1500,INTERNET,macintosh
0.052615147,156,-1.570164327,AD,10282.43008,16,CB,88,BA,200,INTERNET,linux
0.52071817,31,-1.008223236,AC,2778.119599,26,CA,80,BC,200,INTERNET,linux
0.12236963,20,-0.881639999,AD,4721.783889,15,CA,118,BC,200,INTERNET,windows
0.482905749,38,-0.994613611,AC,5692.610362,10,CA,137,BC,200,INTERNET,other
0.527750864,114,-0.848346852,AB,12256.25006,18,CA,49,BB,200,INTERNET,windows
0.674869837,372,30.30098025,AA,12129.97077,11,CA,268,BE,1500,INTERNET,other
0.732086016,54,43.99823403,AA,7305.294099,13,CB,64,BC,200,INTERNET,linux
0.428624943,60,-1.415331605,AB,11305.2104,6,CA,52,BB,200,INTERNET,other
0.256974967,44,-1.293427537,AC,9741.00029,14,CA,170,BC,500,INTERNET,linux
0.450057457,30,-0.862956073,AB,2281.504405,16,CB,57,BB,200,INTERNET,other
0.178738125,8,-1.466146439,AB,5468.489027,13,CB,79,BC,200,INTERNET,linux
0.102745159,203,-0.661987526,AB,9583.791189,3,CB,191,BB,1000,INTERNET,linux
0.043498192,9,-1.121679975,AB,11460.67966,15,CA,62,BC,200,INTERNET,linux
0.084088388,104,-1.793003617,AB,7869.720177,15,CA,113,BA,200,INTERNET,macintosh
0.030561792,7,-1.558472773,AB,7332.765245,19,CB,81,BC,200,INTERNET,linux
0.272415791,35,-0.607131963,AD,6252.400299,7,CB,136,BE,200,INTERNET,windows
0.116826621,233,18.80152196,AA,10745.87782,3,CB,59,BE,200,INTERNET,linux
0.537710606,174,7.403577422,AA,2342.975298,2,CA,182,BC,1500,INTERNET,other
0.50312996,198,19.75052612,AA,4790.914584,8,CA,37,BE,200,INTERNET,linux
0.798062716,72,-1.304239763,AB,2587.280682,7,CA,100,BB,200,INTERNET,linux
0.723321509,9,-1.764404519,AB,12249.54128,14,CA,162,BC,1000,INTERNET,windows
0.032770207,30,-1.254882294,AB,3469.989547,6,CB,152,BB,200,INTERNET,linux
0.028334397,4,-1.052109657,AC,7259.973574,11,CA,136,BC,200,INTERNET,other
0.772867235,124,-0.959755392,AB,7412.064391,3,CB,245,BA,1500,INTERNET,other
0.09443459,18,-1.323659309,AA,12651.82315,2,CA,184,BC,500,INTERNET,macintosh
0.030693979,5,-0.793165727,AB,9482.529231,16,CA,142,BE,500,INTERNET,linux
0.160078916,8,100.6698909,AD,7942.40898,11,CA,114,BC,500,INTERNET,windows
0.523422597,19,-1.036585017,AD,7222.84084,22,CA,39,BC,200,INTERNET,linux
0.154394663,165,-0.932819131,AB,8913.979396,8,CA,147,BB,200,INTERNET,linux
0.570799994,157,35.33753811,AA,8139.265753,17,CA,131,BA,1500,INTERNET,windows
0.220504881,237,-0.753695727,AB,9031.653168,0,CC,175,BB,1500,INTERNET,windows
0.222914804,183,-1.640786868,AB,4449.07894,3,CA,198,BA,1500,INTERNET,windows
0.637661959,368,-1.244618207,AC,6972.747027,12,CB,30,BC,200,INTERNET,other
0.156199947,241,8.6131481,AA,8577.854605,12,CA,194,BA,1500,INTERNET,other
0.743169222,41,14.35723283,AA,15661.98101,4,CB,37,BB,500,INTERNET,other
0.215511128,14,47.28677544,AA,7959.551872,13,CA,162,BC,500,INTERNET,other
0.060002553,55,-0.640622944,AB,4062.481617,11,CA,11,BB,200,INTERNET,linux
0.851319458,29,13.01786451,AA,8023.618319,23,CA,18,BC,1000,INTERNET,linux
0.081533511,333,24.04582723,AA,4571.053009,5,CF,-63,BE,200,INTERNET,linux
0.12733214,13,-0.611901901,AB,5922.089814,15,CA,200,BC,1500,INTERNET,linux
0.84260617,5,-1.130477889,AB,7533.837725,14,CA,189,BB,1500,INTERNET,other
0.737131282,32,-0.469632485,AD,8704.775162,14,CA,51,BB,200,INTERNET,linux
0.851209275,35,48.87385578,AA,6384.583337,14,CB,173,BC,200,INTERNET,windows
0.171182428,55,35.98531399,AA,6763.649224,13,CA,146,BA,200,TELEAPP,other
0.410949241,110,29.31261357,AA,8601.142135,6,CA,-9,BE,200,INTERNET,macintosh
0.858069531,243,-1.081312527,AB,7699.650779,8,CA,280,BA,200,INTERNET,windows
0.75109077,284,51.19231158,AA,7323.205022,8,CA,61,BA,500,INTERNET,windows
0.204177645,34,-0.768453609,AC,13615.95667,14,CB,27,BB,200,INTERNET,linux
0.701853208,14,49.68990083,AA,8186.395577,13,CF,181,BD,500,INTERNET,linux
0.174615784,5,-1.036498827,AD,8178.693262,15,CB,90,BC,200,INTERNET,linux
0.52943971,77,-1.02927359,AB,11731.69853,3,CA,273,BA,1500,INTERNET,linux
0.03689364,20,-0.440213811,AD,8826.316107,18,CA,81,BE,200,INTERNET,other
0.864043204,25,-0.862194198,AC,7230.668092,7,CA,13,BC,200,INTERNET,macintosh
0.173188487,43,-3.295946031,AA,6077.251777,13,CF,161,BB,200,INTERNET,linux
0.28780118,0,-1.307428328,AC,4996.309847,24,CF,185,BC,1500,INTERNET,linux
0.08455495,18,12.31377022,AA,8122.563325,9,CD,38,BC,200,INTERNET,windows
0.533659105,17,-0.852436059,AD,7487.648593,14,CA,68,BA,1500,INTERNET,linux
0.612173828,360,-0.868174337,AC,11486.61463,7,CC,99,BE,200,INTERNET,other
0.811572159,8,-1.352531008,AD,7340.961188,19,CB,55,BE,200,INTERNET,windows
0.834790412,72,31.07209459,AA,10276.97788,16,CB,21,BB,200,INTERNET,other
0.240575865,237,-0.941117993,AB,1764.507804,2,CD,324,BC,1500,INTERNET,other
0.518921813,6,-0.751018523,AB,9376.10931,15,CA,93,BC,1500,INTERNET,linux
0.069859014,5,-1.496057468,AB,6671.641905,9,CA,97,BC,200,INTERNET,other
0.748449674,182,-1.331431072,AB,975.9222986,5,CA,187,BB,200,INTERNET,other
0.619370577,165,26.61084764,AA,4118.255277,2,CA,56,BC,200,INTERNET,windows
0.20178854,5,-0.507219038,AC,2333.020392,8,CA,144,BC,500,INTERNET,linux
0.885390027,31,-0.810221685,AC,6009.680127,8,CF,77,BB,200,INTERNET,other
0.998898623,4,-1.218495319,AD,7224.945348,17,CA,246,BC,200,INTERNET,linux
0.190472008,302,13.89377629,AA,8166.512654,11,CA,155,BC,500,INTERNET,linux
0.108970534,76,-1.380254611,AB,7304.21151,13,CA,100,BB,200,INTERNET,windows
0.379182528,39,34.65508237,AA,8023.513683,7,CA,82,BC,1500,INTERNET,linux
0.129098582,243,34.18034473,AA,2182.47791,3,CB,165,BA,200,INTERNET,other
0.730692419,14,41.79163338,AA,5060.216625,8,CA,45,BE,1500,INTERNET,windows
0.446873036,31,50.86988613,AA,9118.338136,13,CA,148,BC,1500,INTERNET,other
0.82760022,7,-1.244745442,AD,2928.217248,7,CA,117,BD,1500,INTERNET,linux
0.19567226,177,26.26561158,AA,8588.337437,15,CB,63,BC,200,INTERNET,windows
0.355242252,8,-1.095334622,AC,10648.42884,10,CF,102,BB,200,INTERNET,linux
0.742640341,9,-0.788198672,AD,5616.931519,11,CB,113,BC,200,INTERNET,linux
0.440218343,102,18.62472452,AA,7118.674909,18,CA,9,BE,200,INTERNET,other
0.904022939,13,-1.183363247,AD,8190.944416,8,CA,101,BC,200,INTERNET,other
0.760318894,309,8.586902558,AA,7805.517854,19,CB,64,BB,200,INTERNET,windows
0.216222001,2,-0.840236786,AC,6171.724054,13,CA,96,BE,200,INTERNET,other
0.746487078,91,-1.138652996,AC,12658.48901,3,CB,205,BC,1000,INTERNET,other
0.474446777,74,2.478052131,AA,5545.381185,17,CF,80,BD,200,INTERNET,linux
0.173080365,76,22.86642556,AD,3371.575337,10,CA,29,BE,200,INTERNET,other
0.115238871,34,22.04087892,AA,5466.561528,12,CA,66,BC,200,INTERNET,linux
0.752531578,4,-0.799401434,AD,8769.863566,15,CA,96,BC,200,INTERNET,other
0.675637318,49,50.15538641,AA,3165.862515,7,CA,111,BB,1500,INTERNET,linux
0.094160429,0,-1.467577918,AB,7974.806024,10,CB,72,BC,200,INTERNET,other
0.329782326,37,-1.2759158,AD,11255.74397,17,CB,107,BC,200,INTERNET,other
0.065796182,10,-1.12500539,AB,8315.573392,13,CA,79,BC,200,INTERNET,windows
0.845556913,130,-1.329462861,AB,7653.077603,2,CC,158,BB,200,INTERNET,windows
0.220617659,163,25.81502916,AA,4870.673254,13,CB,169,BD,1500,INTERNET,other
0.491981897,69,-1.58028047,AB,2726.007819,3,CF,137,BB,200,INTERNET,other
0.028329759,11,-0.742660721,AB,10200.6941,10,CA,59,BC,200,INTERNET,linux
0.064573645,7,-0.935338495,AB,6030.172536,11,CA,138,BB,200,INTERNET,linux
0.292205691,175,-1.263557836,AD,13615.62423,5,CA,144,BE,200,INTERNET,other
0.202573632,2,-1.279135339,AB,10350.50638,18,CA,59,BC,200,INTERNET,linux
0.393151149,34,-1.11115317,AB,7379.760544,20,CF,80,BC,200,INTERNET,other
0.579559771,2,-1.028271958,AB,6616.455278,16,CA,49,BC,200,INTERNET,linux
0.546274299,162,108.1407783,AA,13001.89785,3,CA,187,BA,1500,INTERNET,other
0.487189287,47,-1.445509072,AB,11808.11542,4,CD,20,BB,200,INTERNET,linux
0.727100361,6,-0.629822574,AD,3226.304184,17,CA,250,BC,1500,INTERNET,other
0.400200611,63,-1.374507829,AD,7340.910867,17,CB,35,BE,200,INTERNET,linux
0.037304931,26,-1.395922929,AB,8806.41142,7,CB,202,BC,1500,INTERNET,macintosh
0.732026855,35,-1.251173112,AB,7982.798156,6,CC,78,BB,200,INTERNET,linux
0.082291769,25,-1.710652004,AB,7852.065137,15,CB,-44,BC,200,INTERNET,windows
0.261843021,33,18.0480408,AA,7834.053116,9,CA,75,BC,200,INTERNET,linux
0.800321162,66,48.28506669,AA,11985.34025,4,CB,16,BE,200,INTERNET,linux
0.186587289,53,49.55140143,AA,6902.473387,17,CA,102,BC,200,INTERNET,other
0.669767168,362,-0.925145568,AB,9065.622247,1,CC,189,BB,1500,INTERNET,windows
0.101843784,90,-1.591217803,AB,3190.098097,10,CB,66,BC,200,INTERNET,linux
0.098280709,5,-0.950079333,AB,7793.630875,22,CA,127,BC,500,INTERNET,linux
0.223544746,35,-1.506027169,AB,3226.726399,17,CA,200,BC,500,INTERNET,other
0.245816019,38,-1.205833196,AD,5405.002236,14,CB,125,BB,200,INTERNET,other
0.165832466,52,41.45285615,AA,10045.2672,7,CA,72,BC,200,INTERNET,other
0.460049498,18,-0.676808499,AC,5720.696694,19,CA,101,BE,200,INTERNET,windows
0.438990102,14,-1.243793857,AC,7039.08911,14,CA,164,BD,500,INTERNET,linux
0.392722061,64,28.17728352,AA,8240.532473,9,CD,62,BE,200,INTERNET,other
0.241986955,41,36.47357407,AA,2756.982378,4,CA,176,BA,500,INTERNET,other
0.24314152,189,102.5324696,AA,10185.05652,12,CE,144,BC,500,INTERNET,other
0.744227026,137,-1.273127341,AD,6289.920756,4,CB,161,BE,1000,INTERNET,linux
0.894128657,134,-1.229187303,AB,7306.442494,2,CC,14,BB,200,INTERNET,windows
0.096884074,89,-1.150324424,AD,4543.791526,11,CA,233,BE,1500,INTERNET,linux
0.60736606,1,-1.585447152,AD,6924.18901,14,CA,87,BC,200,INTERNET,other
0.986224079,1,-1.023490904,AC,7623.520955,19,CB,31,BE,200,INTERNET,other
0.993218878,67,92.12013898,AA,8330.727428,6,CA,79,BB,1500,INTERNET,windows
0.534733272,2,-0.846942066,AD,3484.609974,16,CD,68,BC,200,INTERNET,windows
0.854363835,224,49.56028796,AA,12121.73184,5,CA,39,BE,200,INTERNET,other
0.594680998,51,-1.512268435,AB,13045.34306,14,CB,154,BC,200,INTERNET,windows
0.244217412,1,-1.090819737,AD,6703.060933,17,CA,31,BC,200,INTERNET,windows
0.57168326,153,-1.402345735,AB,9045.321365,16,CB,-2,BC,200,INTERNET,other
0.709324361,37,19.90089065,AA,5011.16309,10,CA,92,BC,200,INTERNET,macintosh
0.573372011,68,37.9894111,AA,7663.027873,14,CA,219,BC,1000,INTERNET,other
0.760783361,146,-1.649815383,AB,4310.756559,14,CA,223,BA,1500,INTERNET,windows
0.413371713,128,-1.047100473,AC,7403.405817,18,CA,112,BC,200,INTERNET,windows
0.071750523,152,17.87998954,AA,7779.028826,9,CA,168,BA,500,INTERNET,other
0.335246084,70,-1.03939797,AB,9409.697839,2,CA,259,BC,1500,INTERNET,linux
0.468132824,49,19.67499749,AA,4928.855691,3,CA,150,BB,500,INTERNET,linux
0.497562546,51,-0.66816234,AB,7136.266824,16,CB,31,BB,200,INTERNET,windows
0.741005584,131,-1.521800332,AB,4045.362426,3,CA,231,BA,1000,INTERNET,linux
0.820195445,51,-1.217043355,AB,5853.863348,13,CA,210,BC,1500,INTERNET,linux
0.751551393,69,15.86069304,AA,8023.961832,15,CA,-6,BE,200,INTERNET,other
0.785942731,37,25.0362412,AA,10689.92717,6,CB,96,BF,200,INTERNET,other
0.264875146,62,28.46555181,AA,6557.843422,2,CC,84,BC,200,INTERNET,other
0.022413551,33,-1.309469536,AA,4393.833525,22,CA,66,BD,200,INTERNET,linux
0.057020777,-1,-0.749420341,AD,13929.93792,7,CA,193,BD,1500,INTERNET,macintosh
0.545632709,199,-0.79571769,AA,6217.062176,5,CA,114,BE,200,INTERNET,linux
0.373548389,293,-1.095365966,AD,9371.996225,23,CD,14,BE,200,INTERNET,linux
0.997202772,167,-0.848982703,AB,7606.515537,23,CA,88,BB,200,INTERNET,linux
0.036017569,9,-1.769938854,AB,2445.253827,11,CA,62,BA,200,INTERNET,linux
0.554631642,112,-1.144937967,AD,11218.08157,21,CB,7,BB,200,INTERNET,other
0.523114978,12,-0.659202026,AB,7223.323576,16,CA,93,BC,200,INTERNET,linux
0.188958878,222,-1.454778968,AD,4838.322762,13,CB,108,BE,200,INTERNET,windows
0.75058184,15,50.81532431,AA,7064.394451,13,CA,191,BC,1500,INTERNET,windows
0.759631325,74,-0.197234664,AB,10012.61474,14,CB,320,BA,1500,INTERNET,windows
0.094445119,2,-0.704026904,AC,8661.504066,5,CA,179,BC,200,INTERNET,windows
0.538521887,12,-0.684298382,AD,1173.511448,13,CA,22,BC,1500,INTERNET,linux
0.346904485,264,49.79091301,AA,5134.653117,18,CF,25,BE,200,INTERNET,linux
0.991434368,31,51.30545828,AA,10328.54934,13,CA,136,BC,200,INTERNET,windows
0.863572881,108,33.19099189,AA,12698.89522,15,CE,30,BB,200,INTERNET,other
0.309898262,10,-1.258129602,AD,10050.48799,21,CA,73,BC,200,INTERNET,linux
0.471810246,196,40.56415454,AA,11926.79086,5,CA,-19,BA,1000,INTERNET,linux
0.041518896,34,-1.468526097,AB,3850.197804,15,CB,116,BB,200,INTERNET,linux
0.876841477,215,-1.660172728,AB,5225.751179,10,CA,287,BC,1500,INTERNET,windows
0.05300895,23,-1.457574734,AC,14130.23883,18,CA,74,BB,200,INTERNET,linux
0.857742046,42,-1.452278912,AD,10584.42878,16,CB,18,BC,1000,INTERNET,other
0.110405936,138,-0.819608932,AB,2024.838585,2,CB,65,BB,200,INTERNET,linux
0.127066247,26,-0.536314614,AB,7587.066932,14,CA,50,BC,200,INTERNET,linux
0.990271968,195,-0.418458155,AA,8561.125085,9,CA,299,BA,1500,INTERNET,macintosh
0.74285464,56,15.21504329,AA,3264.324623,9,CA,71,BD,200,INTERNET,other
0.3553427,334,-0.489522713,AD,3812.445531,11,CA,184,BB,1500,INTERNET,other
0.785580166,27,-1.313666008,AB,6788.247488,9,CA,143,BA,500,INTERNET,other
0.085883852,40,-1.444042316,AD,8917.194008,10,CB,191,BB,1500,INTERNET,windows
0.483180269,31,-0.328224018,AC,8350.043944,7,CA,78,BC,500,INTERNET,other
0.582993344,6,27.20654896,AA,8521.889271,9,CC,39,BE,200,INTERNET,other
0.055914481,64,-1.321382928,AD,9760.667682,16,CB,86,BC,200,INTERNET,linux
0.100209725,31,31.2674513,AA,7821.914477,8,CB,72,BA,200,INTERNET,other
0.768252802,146,27.70279276,AA,5095.427818,5,CA,29,BC,200,INTERNET,linux
0.922726049,77,22.37913474,AA,7810.162347,6,CB,73,BC,200,TELEAPP,other
0.658484164,38,-1.303160652,AB,3966.251084,16,CF,102,BB,1500,INTERNET,linux
0.998828826,71,25.96006588,AA,7902.382456,14,CA,138,BC,500,INTERNET,linux
0.012688854,95,-0.92606466,AC,4372.003678,8,CA,121,BB,200,INTERNET,windows
0.724476348,29,29.88584259,AA,6988.104362,4,CA,149,BC,1500,INTERNET,x11
0.057221956,272,49.9161207,AA,11974.20132,5,CB,-7,BE,200,INTERNET,linux
0.071737413,83,-0.868295353,AD,7816.341877,11,CA,141,BA,500,INTERNET,macintosh
0.527201001,10,-0.554535613,AD,6024.571125,8,CA,49,BB,200,INTERNET,linux
0.186512412,147,-1.062268395,AD,5045.920787,15,CB,105,BE,200,INTERNET,other
0.465332083,20,101.3643216,AA,6672.417872,7,CB,26,BC,200,INTERNET,other
0.200136036,184,-0.543374829,AD,11035.81262,14,CA,178,BE,200,INTERNET,other
0.337966396,158,-0.819008482,AC,7169.479663,13,CA,206,BA,1000,INTERNET,other
0.375868436,13,21.39675625,AA,9776.263943,14,CA,112,BB,200,INTERNET,other
0.276822528,212,-0.893318902,AB,6691.356097,28,CA,128,BC,200,INTERNET,other
0.188337104,5,-1.542350022,AB,7768.089057,29,CA,161,BA,1000,INTERNET,linux
0.567139479,164,-0.449937379,AB,7653.922666,6,CA,168,BA,1500,INTERNET,linux
0.351051275,47,-1.329621877,AB,8145.559014,14,CB,113,BC,200,INTERNET,windows
0.683614773,32,19.99705026,AA,8126.45512,10,CB,20,BC,200,INTERNET,linux
0.648315696,8,-1.142135847,AB,13627.63421,14,CD,165,BB,500,INTERNET,linux
0.10004663,5,-1.386671366,AB,4167.86852,8,CA,27,BC,500,INTERNET,linux
0.592356736,142,-0.663593486,AB,5681.20042,2,CA,269,BA,1500,INTERNET,other
0.023455823,65,-1.69920972,AB,6275.141357,16,CF,63,BB,200,INTERNET,linux
0.01861051,13,-1.012764806,AB,7866.32337,10,CA,70,BC,200,INTERNET,linux
0.775838041,1,-0.6426397,AB,7358.900173,15,CA,101,BE,200,INTERNET,macintosh
0.086053991,39,5.346594484,AA,9734.551139,7,CA,153,BB,1500,INTERNET,linux
0.447929256,20,-0.605986422,AC,4250.377064,10,CA,142,BC,500,INTERNET,other
0.358363151,37,-0.983090657,AB,10089.53099,6,CD,73,BB,1500,INTERNET,linux
0.999861867,31,-0.840687342,AB,11431.95754,4,CB,107,BA,200,INTERNET,windows
0.472437644,7,-1.270961296,AB,6616.8187,16,CA,60,BB,200,INTERNET,windows
0.708955443,193,-1.366731943,AA,2833.332913,2,CA,305,BE,1500,INTERNET,linux
0.445722704,36,-0.802783172,AD,10163.4118,19,CA,199,BC,1500,INTERNET,other
0.242529285,65,-1.84381751,AB,8081.865491,17,CF,45,BB,200,INTERNET,other
0.082958427,42,94.89536731,AA,11581.79533,15,CA,30,BC,200,INTERNET,linux
0.719140891,344,48.83976511,AA,7677.935328,14,CB,101,BE,200,INTERNET,other
0.387762542,14,-1.335925517,AC,7895.86828,14,CA,133,BC,500,INTERNET,other
0.622278248,234,-0.529663964,AC,6162.245456,14,CA,219,BA,1500,INTERNET,windows
0.078498413,294,33.22077748,AA,4723.27339,6,CB,154,BC,500,INTERNET,other
0.806502858,99,-1.217959461,AB,6133.258933,5,CA,77,BE,200,INTERNET,windows
0.676502259,361,-0.469695464,AC,8891.320814,2,CA,138,BB,200,INTERNET,other
0.22542007,38,-1.347786016,AD,8524.708268,11,CA,75,BC,200,INTERNET,windows
0.532367152,11,-1.02399177,AC,7758.092708,15,CA,116,BE,200,INTERNET,windows
0.537228898,7,-0.723850008,AB,1715.631441,7,CA,64,BF,200,INTERNET,other
0.878154098,7,-1.918204121,AB,2651.94069,17,CB,47,BC,1500,INTERNET,other
0.185543519,137,-1.216888127,AB,8241.099945,13,CD,21,BE,200,INTERNET,other
0.136887057,31,29.07134367,AA,8963.21511,9,CA,214,BB,1500,INTERNET,other
0.360484041,0,-0.74366047,AC,7944.224824,2,CD,84,BC,200,INTERNET,other
0.523477014,34,-1.339674907,AD,1173.345298,14,CA,229,BE,200,INTERNET,other
0.608536426,164,-1.32396721,AC,4351.106626,3,CB,224,BA,1500,INTERNET,linux
0.414785943,4,19.55444121,AA,3069.638132,7,CA,68,BC,200,INTERNET,other
0.82243227,51,28.9639516,AA,6139.812377,5,CA,109,BC,200,INTERNET,linux
0.269348678,21,-0.930371878,AB,8108.886719,14,CA,45,BC,200,INTERNET,windows
0.7696508,3,-1.158632056,AC,8230.237454,9,CA,109,BC,500,INTERNET,windows
0.516555657,28,-0.784509257,AD,12654.11187,19,CA,172,BA,1500,INTERNET,windows
0.78910567,10,25.50421798,AA,3161.603792,6,CA,98,BC,500,INTERNET,other
0.735970797,198,-0.974378629,AC,8194.790288,16,CA,168,BA,200,INTERNET,linux
0.110349948,99,-1.428337511,AB,8420.329113,18,CA,52,BC,200,INTERNET,windows
0.13060316,375,22.24911909,AA,6693.012628,7,CA,70,BE,200,INTERNET,other
0.994869752,1,47.68090611,AA,7862.069647,3,CC,175,BB,1500,INTERNET,other
0.059647437,295,14.14899287,AA,7132.942235,12,CA,35,BA,200,INTERNET,other
0.129357447,11,-1.064285582,AD,4933.76932,18,CA,123,BC,200,INTERNET,other
0.81157144,14,-1.334276907,AB,6492.351872,7,CA,259,BA,1500,INTERNET,linux
0.816448041,186,-0.863657457,AD,13754.16911,21,CB,208,BA,500,INTERNET,other
0.667752432,64,-0.639810966,AB,6226.257216,15,CA,325,BA,1500,INTERNET,macintosh
0.180549991,48,-1.314084784,AC,11109.77152,7,CA,64,BC,200,INTERNET,linux
0.188996711,12,34.58748146,AA,7174.023591,12,CA,55,BD,200,INTERNET,linux
0.741746601,34,-0.823867655,AD,8896.725066,13,CA,243,BC,1500,INTERNET,other
0.379817584,3,-1.312971964,AD,5489.923839,15,CA,86,BC,200,INTERNET,other
0.522756912,191,-1.081688383,AD,12097.25637,2,CC,110,BA,200,INTERNET,windows
0.118382513,50,-0.867606261,AD,15211.30361,21,CB,173,BC,1500,INTERNET,linux
0.188026828,26,51.11845966,AA,7434.465469,8,CA,220,BC,1500,INTERNET,windows
0.833102594,12,-1.04585491,AD,6787.13347,13,CA,61,BB,200,INTERNET,other
0.46348054,164,28.93308503,AA,4178.556207,21,CA,26,BA,1500,INTERNET,other
0.265425226,12,-1.602499076,AA,9620.902769,19,CA,39,BC,500,INTERNET,windows
0.786035943,378,26.63657096,AA,7330.008015,3,CA,288,BC,1500,INTERNET,windows
0.805734642,179,36.92194536,AA,7610.999936,9,CB,60,BE,200,INTERNET,other
0.357714406,160,-1.411498101,AB,8676.516749,8,CA,256,BA,1500,INTERNET,windows
0.27945261,40,-0.84714881,AB,8014.539786,16,CA,124,BE,200,INTERNET,other
0.667779776,59,31.6237595,AA,2583.577598,15,CA,99,BC,200,INTERNET,linux
0.694069451,191,51.55219588,AA,13795.86894,7,CA,275,BA,1500,INTERNET,windows
0.671667797,120,-0.983566764,AB,7870.934493,13,CA,104,BE,200,INTERNET,other
0.072102399,242,49.11456125,AA,6923.299805,7,CA,66,BE,200,INTERNET,other
0.783906834,261,-1.025480429,AD,6919.078484,19,CC,213,BB,1500,INTERNET,linux
0.498806371,165,51.75294766,AA,7338.727987,13,CB,55,BB,1500,INTERNET,windows
0.606907577,58,-0.502889593,AD,5361.171318,23,CF,142,BE,990,INTERNET,macintosh
0.908775278,155,-0.433288205,AB,7410.326302,8,CA,132,BA,200,INTERNET,windows
0.995156693,16,53.00556954,AA,7134.402277,18,CA,172,BC,510,INTERNET,linux
0.876843181,0,-0.990613357,AB,8988.919478,19,CA,137,BC,200,INTERNET,windows
0.590085837,230,-1.12563269,AD,11784.84273,15,CA,185,BA,1500,INTERNET,other
0.672390157,378,-1.371331547,AC,8393.68918,7,CA,174,BA,1000,INTERNET,linux
0.587110714,15,-0.938801304,AB,13532.42241,6,CA,78,BC,200,INTERNET,linux
0.897445222,80,51.9742815,AA,7847.058678,3,CA,150,BA,500,INTERNET,other
0.794350712,376,41.42210969,AA,9747.407396,3,CC,196,BA,1500,INTERNET,linux
0.999852226,68,-0.577320401,AB,9299.085728,8,CA,83,BC,200,INTERNET,windows
0.74804126,35,-0.840919456,AD,10284.10442,6,CA,96,BE,200,INTERNET,windows
0.874034148,64,-0.635628703,AB,8490.649972,5,CA,89,BA,1500,INTERNET,other
0.112837943,14,15.91918184,AA,4999.98228,11,CA,76,BC,200,INTERNET,windows
0.515840197,37,-1.243401864,AB,7771.617077,14,CD,171,BB,200,INTERNET,windows
0.165305941,1,-1.931847614,AB,7191.155143,19,CA,88,BC,200,INTERNET,windows
0.234938031,208,30.94405363,AA,2706.254232,13,CA,91,BE,1500,INTERNET,other
0.885478479,188,24.94380023,AA,9497.271994,26,CB,86,BB,200,INTERNET,linux
0.816097302,5,51.08116375,AA,3930.530377,11,CA,144,BC,200,INTERNET,linux
0.415157869,4,-1.225796915,AB,4026.755231,12,CB,60,BB,200,INTERNET,linux
0.261776644,11,-0.618625078,AC,6104.501878,22,CA,190,BC,1500,INTERNET,linux
0.571910392,53,-1.347546494,AC,6583.785478,18,CA,117,BC,200,INTERNET,linux
0.883175658,41,-0.728625324,AD,2819.281346,13,CA,110,BC,200,INTERNET,other
0.813999639,366,-0.925804469,AB,6805.733739,15,CF,185,BD,1000,INTERNET,x11
0.491029616,24,-1.669165427,AD,7991.070917,10,CB,85,BC,200,INTERNET,other
0.999576906,357,49.45482325,AA,3982.695769,4,CA,177,BC,200,INTERNET,other
0.61014285,87,-0.393368972,AA,10664.60887,3,CA,52,BE,200,INTERNET,windows
0.133283708,26,9.984753356,AA,11016.54387,8,CA,-41,BC,200,INTERNET,other
0.205397103,43,50.92297968,AA,6939.95753,4,CA,58,BC,200,INTERNET,other
0.156325833,26,-1.290862686,AB,7649.311961,18,CA,45,BC,1500,INTERNET,linux
0.546801261,146,-0.763001819,AD,3260.708431,7,CB,142,BC,200,INTERNET,other
0.361433992,31,-1.366300796,AC,7814.326463,28,CA,180,BC,500,INTERNET,other
0.105661893,68,-0.151879979,AD,9318.786096,21,CA,51,BC,200,INTERNET,linux
0.49057042,26,-1.015648456,AB,14048.15676,15,CA,7,BC,200,INTERNET,linux
0.870642647,140,43.993351,AA,9993.081481,7,CA,224,BE,1500,INTERNET,other
0.999403318,39,-1.711747073,AB,6432.265418,13,CD,19,BB,200,INTERNET,other
0.630594739,13,-1.813031233,AB,9408.569002,16,CA,28,BC,200,INTERNET,linux
0.586708794,98,103.3967753,AA,5130.523122,5,CE,95,BD,1500,INTERNET,windows
0.092402142,17,-1.153760769,AC,2322.582621,3,CB,203,BA,1500,INTERNET,macintosh
0.089999772,58,-1.244046601,AD,8036.901841,6,CA,177,BA,1500,INTERNET,windows
0.31462231,93,-0.449163255,AD,6051.582748,10,CB,65,BB,1500,INTERNET,other
0.742668163,7,-1.057728352,AB,7482.492622,15,CF,57,BC,200,INTERNET,linux
0.741461005,145,-0.363329699,AB,4033.97743,9,CB,151,BC,1500,INTERNET,windows
0.189819487,296,-0.440269035,AC,4709.854058,5,CA,23,BB,200,INTERNET,linux
0.027522106,36,50.26731987,AA,6425.242959,20,CA,168,BC,1500,INTERNET,other
0.723869608,223,12.07692398,AA,8646.942297,12,CA,58,BE,200,INTERNET,linux
0.08558679,7,-0.527039967,AB,6361.373906,8,CA,142,BC,200,INTERNET,other
0.423259395,48,-1.33037063,AB,9186.413811,13,CB,112,BE,200,INTERNET,other
0.053010274,67,-0.892694896,AC,8453.136057,7,CA,67,BB,200,INTERNET,windows
0.763919394,13,-1.252729898,AA,10589.36742,6,CA,245,BA,1500,INTERNET,windows
0.897962599,1,-1.012953842,AD,6898.022415,14,CA,122,BC,1000,INTERNET,linux
0.113537794,115,-1.287677348,AB,5277.054737,1,CA,196,BC,200,INTERNET,windows
0.570791659,95,25.61337797,AA,7794.455507,4,CA,68,BA,200,INTERNET,other
0.837666525,10,-1.153621039,AD,8840.037284,15,CF,208,BC,500,INTERNET,macintosh
0.875280543,189,-0.526037954,AB,9548.734608,13,CA,81,BE,200,INTERNET,other
0.864711342,14,42.51250288,AA,10944.53846,19,CB,61,BC,200,INTERNET,other
0.514642356,9,6.243603978,AA,3414.854187,6,CD,50,BB,200,INTERNET,linux
0.192839004,99,-1.091434324,AA,10997.89153,5,CD,76,BC,200,INTERNET,linux
0.814931044,70,-1.680487043,AB,6265.798721,16,CC,81,BC,200,INTERNET,other
0.068845704,115,16.84885708,AA,9238.567673,9,CA,57,BC,200,INTERNET,linux
0.052977189,182,-1.121649382,AB,8164.196267,6,CB,91,BA,200,INTERNET,linux
0.791444612,66,-0.955777199,AB,12533.72868,16,CA,94,BB,1500,INTERNET,windows
0.597141203,12,-1.056860645,AB,6657.245494,15,CA,93,BC,200,INTERNET,windows
0.44248347,306,27.58625802,AA,5593.292637,10,CB,50,BA,1500,INTERNET,other
0.81737794,123,-0.5374273,AB,9629.867646,4,CD,58,BE,200,INTERNET,other
0.118265003,69,-0.35779523,AD,8526.658186,8,CA,86,BB,200,INTERNET,windows
0.729400834,244,48.7275478,AA,13875.46848,18,CA,74,BE,200,INTERNET,other
0.053151048,182,-1.459526583,AB,7476.457791,12,CB,109,BB,200,INTERNET,windows
0.42498245,0,-0.717366957,AD,2700.977441,2,CA,191,BA,1500,INTERNET,linux
0.991379345,8,-1.097925034,AB,10812.82822,13,CA,187,BC,1500,INTERNET,other
0.79943004,24,-1.806247184,AD,12800.82113,16,CA,89,BE,1500,INTERNET,windows
0.215742668,22,-1.18596946,AB,8453.055925,13,CA,168,BC,500,INTERNET,windows
0.241217459,75,31.57180153,AA,7902.135514,14,CA,66,BC,200,INTERNET,other
0.175853136,9,17.8523055,AB,2797.489448,10,CA,123,BC,200,INTERNET,windows
0.997303176,28,-1.063693749,AA,6114.540664,18,CA,33,BE,200,INTERNET,linux
0.91203308,51,-0.522628224,AD,11973.0746,2,CB,93,BC,200,INTERNET,windows
0.667503863,120,-0.989010159,AD,10182.84151,14,CB,335,BA,1500,INTERNET,windows
0.126085398,45,-0.76452037,AB,7750.699489,13,CA,87,BC,200,INTERNET,windows
0.890913623,196,30.11364625,AA,10521.71601,15,CA,251,BA,1500,INTERNET,windows
0.045979088,371,-1.514637827,AB,6671.492581,2,CC,54,BC,200,INTERNET,linux
0.709803656,126,-1.24935029,AB,5117.652164,15,CF,113,BB,200,INTERNET,windows
0.455319961,44,-1.279141547,AB,1665.638008,5,CE,49,BE,200,INTERNET,linux
0.023012452,33,-1.525857287,AC,6351.058835,4,CA,24,BB,200,INTERNET,other
0.581603659,29,-1.141563973,AB,4066.042664,6,CC,65,BC,200,INTERNET,windows
0.474728103,288,-0.813969316,AD,7937.917447,5,CA,57,BB,200,INTERNET,linux
0.882844626,90,-0.295451196,AB,9737.411138,7,CA,70,BB,500,INTERNET,other
0.35946471,9,30.90131243,AA,10148.77809,13,CA,68,BA,200,INTERNET,other
0.566531533,150,43.24368207,AA,3914.654416,5,CA,141,BE,200,INTERNET,other
0.769454062,241,12.43302357,AA,4277.542418,6,CA,257,BA,1500,INTERNET,linux
0.034913821,371,-1.078502642,AB,7856.737977,3,CC,-9,BD,200,INTERNET,other
0.317505602,176,-0.739388737,AC,5812.051255,5,CD,124,BA,200,INTERNET,windows
0.227583346,42,48.48735817,AA,5405.835871,14,CB,185,BC,500,INTERNET,other
0.446019663,164,-0.85742798,AB,14635.99785,6,CA,216,BA,1500,INTERNET,macintosh
0.879813423,34,-1.378195092,AB,3084.953151,5,CF,149,BA,1500,INTERNET,linux
0.879336047,15,13.69191825,AB,7251.004338,16,CA,67,BC,200,INTERNET,linux
0.716537894,254,-0.45018257,AC,6333.120963,3,CA,164,BE,200,INTERNET,linux
0.053442855,28,-1.503957206,AB,9198.953537,19,CF,129,BB,200,INTERNET,linux
0.356085476,57,-1.467325734,AB,8202.990553,19,CB,75,BA,200,INTERNET,windows
0.205083519,1,-1.017487628,AD,9045.435847,18,CA,63,BC,200,INTERNET,other
0.136013673,18,-1.890942774,AB,8217.596978,9,CB,152,BC,200,INTERNET,linux
0.129482994,130,-1.729608981,AB,8850.48266,6,CF,153,BD,200,INTERNET,other
0.096984318,42,-1.893055992,AB,11026.36459,7,CA,73,BC,200,INTERNET,windows
0.646512324,5,1.704945814,AA,6929.698752,13,CA,118,BD,200,INTERNET,other
0.121332694,16,-1.154836452,AB,3424.08297,13,CA,165,BA,500,INTERNET,linux
0.421878335,35,-1.323002559,AB,7459.471742,8,CB,251,BB,1500,INTERNET,linux
0.011501773,38,-0.235102896,AB,5869.525286,10,CA,253,BA,200,INTERNET,windows
0.559468392,56,-1.121228478,AC,6283.856324,15,CF,117,BB,200,INTERNET,other
0.92164316,75,-1.152984696,AD,6332.231895,15,CB,219,BC,1500,INTERNET,windows
0.500353613,12,-1.499049342,AC,12817.77176,9,CA,62,BB,200,INTERNET,linux
0.096120436,105,-1.045612881,AB,7125.644312,5,CB,165,BC,500,INTERNET,other
0.620638393,46,48.48561051,AA,6217.561207,13,CA,251,BE,1500,INTERNET,other
0.291560492,173,-1.215799087,AD,8412.956231,18,CB,21,BE,200,INTERNET,linux
0.212800554,162,49.32170877,AA,5395.547211,9,CE,82,BE,200,INTERNET,windows
0.780474664,56,-0.65764943,AD,8196.579034,15,CA,115,BE,200,INTERNET,other
0.038789732,144,51.26899273,AA,8284.877214,11,CA,45,BA,1500,INTERNET,windows
0.871982326,108,-0.806213634,AB,7371.683687,9,CA,64,BE,200,INTERNET,other
0.242002284,36,-1.536159542,AB,14614.57181,2,CA,72,BC,200,INTERNET,other
0.51305449,29,19.7512531,AA,8531.753948,16,CA,117,BC,200,INTERNET,other
0.134587016,171,31.92298017,AA,14568.42443,6,CA,105,BA,200,INTERNET,other
0.080100019,132,-0.399811904,AB,4383.569049,7,CA,277,BA,1500,INTERNET,windows
0.523551734,237,50.15449463,AA,15745.42738,8,CA,153,BE,200,INTERNET,linux
0.773783606,45,99.08064036,AA,6912.937993,6,CA,148,BA,200,INTERNET,windows
0.179171548,41,2.81873986,AA,7262.137667,10,CE,122,BC,200,INTERNET,windows
0.089911427,49,-0.539094288,AB,7950.392407,15,CA,126,BA,1500,INTERNET,other
0.647872849,195,50.30947877,AA,12840.82459,4,CB,50,BE,200,INTERNET,other
0.850513681,157,-1.653687301,AB,7593.007034,11,CA,171,BA,1500,INTERNET,other
0.547952304,7,-1.553714445,AB,8336.586998,6,CA,102,BC,200,INTERNET,windows
0.994299266,5,-0.826791619,AB,10805.78268,20,CB,70,BE,200,INTERNET,linux
0.200617963,267,-0.901977074,AD,8720.149085,25,CA,231,BE,990,INTERNET,other
0.994405915,248,-1.234868013,AD,8190.449692,15,CA,37,BB,200,INTERNET,linux
0.263747732,32,-1.021400736,AB,7604.167445,18,CB,24,BE,200,INTERNET,linux
0.474404716,4,-1.398636441,AB,9219.635354,14,CB,170,BA,1500,INTERNET,other
0.118166134,2,-0.758828006,AB,7653.956892,9,CA,95,BA,1500,INTERNET,linux
0.559114965,29,-1.254840114,AB,8925.837261,5,CA,160,BC,500,INTERNET,windows
0.099868106,1,-1.211208022,AB,8388.059201,12,CA,80,BC,200,INTERNET,windows
0.655000739,208,25.7544237,AA,9458.565745,19,CB,45,BE,200,INTERNET,macintosh
0.757658015,27,-1.217067135,AB,5080.208197,3,CA,61,BB,200,INTERNET,other
0.73677076,69,-0.778703397,AD,7388.959001,13,CA,60,BE,200,INTERNET,other
0.031062594,362,39.69243393,AA,7951.724982,6,CA,78,BE,200,INTERNET,other
0.504265227,43,40.5179049,AA,9787.086342,5,CA,27,BC,200,INTERNET,other
0.277057907,9,-0.932063643,AB,5794.478,11,CA,135,BC,200,INTERNET,windows
0.058397728,64,-1.489590644,AD,6990.205312,23,CB,29,BD,200,INTERNET,windows
0.089651276,4,33.33403031,AA,1860.534096,18,CA,51,BB,200,INTERNET,linux
0.774310418,0,-0.853779188,AD,3866.802316,17,CA,140,BC,500,INTERNET,other
0.999975355,27,17.06828789,AA,1847.703995,14,CF,178,BC,1500,INTERNET,other
0.996639796,10,-1.427476248,AD,8290.237269,15,CA,71,BC,200,INTERNET,linux
0.777654145,21,-0.383630432,AB,5787.834318,11,CA,187,BC,500,INTERNET,other
0.550999723,184,-1.425229675,AB,7226.983801,18,CA,153,BA,1500,INTERNET,other
0.456720493,3,-1.058220158,AB,8630.011475,27,CA,185,BB,1000,INTERNET,linux
0.593979204,230,50.42600523,AA,14724.74736,4,CD,85,BB,200,INTERNET,linux
0.654201053,18,-0.619122409,AD,3382.998441,6,CA,125,BD,200,INTERNET,windows
0.156689911,2,23.09641875,AA,7596.497776,18,CA,86,BC,200,INTERNET,linux
0.490362407,195,17.00161061,AD,7221.93484,6,CA,191,BC,200,INTERNET,linux
0.733693318,365,-0.749289206,AC,1800.217462,10,CE,88,BE,200,INTERNET,other
0.432035171,55,-1.776212349,AC,1277.728075,15,CA,168,BC,1500,INTERNET,windows
0.471079835,49,-0.113101087,AB,13077.84042,8,CC,224,BB,1500,INTERNET,windows
0.479447674,217,-0.73474469,AB,10102.69044,3,CB,105,BB,200,INTERNET,linux
0.153612008,34,-1.72688489,AB,4901.564211,17,CA,113,BE,200,INTERNET,other
0.160049794,66,-1.214897168,AD,6954.475964,18,CA,32,BC,200,INTERNET,linux
0.989282287,60,51.66551148,AA,8062.125521,7,CA,171,BC,200,INTERNET,linux
0.73897996,196,-0.185696769,AD,10209.53345,1,CC,50,BB,200,INTERNET,linux
0.997661235,16,-1.886873312,AB,8456.273632,12,CD,99,BB,200,INTERNET,linux
0.497589853,200,-0.805954995,AC,8044.724017,8,CA,81,BE,1500,INTERNET,windows
0.479276312,150,-1.263227634,AA,6369.719456,4,CC,147,BC,200,INTERNET,windows
0.751413989,6,-0.891607279,AC,3672.543644,11,CA,159,BC,1500,INTERNET,other
0.515472595,5,-1.402412614,AB,13730.11739,16,CA,83,BB,200,INTERNET,linux
0.137460952,8,-1.807548626,AD,5671.992554,10,CD,34,BC,200,INTERNET,linux
0.890977322,36,-0.768959232,AC,8229.049275,9,CA,169,BC,1000,INTERNET,windows
0.232242736,129,-1.548121569,AB,7849.225415,7,CA,167,BE,200,INTERNET,windows
0.210288982,142,-0.81259092,AB,7336.993456,2,CC,192,BA,1500,INTERNET,other
0.219290685,63,-1.530313317,AB,3634.419286,23,CA,4,BA,200,INTERNET,linux
0.221101849,32,51.39735629,AA,6026.53491,16,CA,243,BC,1500,INTERNET,other
0.022022818,278,24.34991406,AA,4543.890286,2,CE,175,BA,1000,INTERNET,linux
0.897138113,62,-0.985917955,AC,4121.446758,13,CA,134,BB,200,INTERNET,linux
0.709895331,282,50.7639678,AA,3753.703206,8,CA,57,BE,200,INTERNET,other
0.700060384,47,50.83669111,AA,7779.354347,12,CB,219,BE,200,INTERNET,other
0.021546597,7,-0.467935329,AC,6839.842515,8,CA,128,BC,200,INTERNET,windows
0.530707605,36,-0.862482219,AD,8277.313856,14,CA,26,BE,200,INTERNET,linux
0.826905948,46,31.19638689,AA,4189.667048,8,CA,100,BC,200,INTERNET,windows
0.13411104,77,-1.47388669,AB,7315.995088,7,CB,99,BA,510,INTERNET,other
0.706580043,6,-1.398844204,AB,3001.781314,18,CA,140,BC,1500,INTERNET,linux
0.312817223,37,-1.17940048,AA,12285.76664,8,CA,146,BB,200,INTERNET,linux
0.58058888,29,-1.197928932,AB,2049.906417,14,CF,63,BC,200,INTERNET,macintosh
0.298966319,41,-1.324930293,AC,12561.15648,13,CA,81,BE,200,INTERNET,other
0.499987132,1,-1.18667211,AB,4397.858319,17,CA,184,BE,200,INTERNET,other
0.892354556,148,22.64410125,AA,5495.494172,3,CA,47,BC,200,INTERNET,linux
0.07852271,8,-1.156174863,AC,6646.651548,19,CA,53,BB,200,INTERNET,other
0.132831918,61,103.3481536,AA,11828.13871,16,CA,98,BE,200,INTERNET,linux
0.121899885,41,-1.683297511,AD,3652.152568,16,CA,117,BC,1500,INTERNET,linux
0.043213277,4,-0.604769743,AB,5876.911527,18,CA,211,BC,1000,INTERNET,windows
0.989222894,37,50.52903635,AA,5357.279883,15,CE,81,BE,200,INTERNET,linux
0.492219673,6,-1.031171571,AD,7354.727249,19,CA,126,BC,1500,INTERNET,windows
0.671464999,233,33.31200824,AA,4761.793901,2,CC,113,BA,200,INTERNET,other
0.465573471,191,32.47416887,AA,6984.609197,6,CA,153,BA,200,INTERNET,other
0.568734701,35,-0.45775939,AB,10642.86694,7,CA,67,BC,200,INTERNET,other
0.727683413,123,43.86253209,AA,6330.428171,8,CA,226,BC,990,INTERNET,windows
0.756816269,0,-0.26196602,AB,9109.332514,13,CA,41,BC,200,TELEAPP,windows
0.325844106,6,97.03932382,AA,2391.999984,9,CA,34,BC,200,INTERNET,linux
0.112602741,133,-1.178646594,AA,8789.422706,4,CC,77,BB,500,INTERNET,windows
0.918830624,37,-0.863524104,AB,11662.32975,13,CA,132,BB,200,INTERNET,other
0.015258087,128,-0.499996289,AD,1511.635847,20,CA,206,BA,1500,INTERNET,windows
0.106795145,26,-0.850221502,AD,9028.94948,29,CA,34,BC,200,INTERNET,other
0.996570828,28,-1.324202608,AB,10573.95484,13,CA,55,BE,200,INTERNET,linux
0.583699291,144,-1.448411386,AB,7058.893156,3,CA,324,BA,1500,INTERNET,windows
0.167261226,9,-0.903485293,AB,2581.244957,16,CA,224,BC,1500,INTERNET,linux
0.231411561,3,-1.324658834,AB,9573.364979,17,CA,134,BC,200,INTERNET,other
0.755446247,0,-1.73312647,AB,5880.380984,18,CA,207,BC,1500,INTERNET,linux
0.055084533,16,-1.587660285,AB,8124.719066,16,CA,29,BB,200,INTERNET,linux
0.747457627,12,-0.933681794,AD,9361.678767,17,CA,166,BC,200,INTERNET,other
0.418520163,37,49.32486549,AA,8660.998468,12,CA,173,BC,1500,INTERNET,linux
0.773315224,363,29.95191862,AA,8356.248853,5,CA,157,BA,1500,INTERNET,linux
0.724001741,15,-0.911832584,AD,1122.23486,17,CA,203,BC,510,INTERNET,windows
0.104516719,83,-1.959090135,AB,6949.410527,14,CB,62,BE,1500,INTERNET,windows
0.030820243,4,-1.491666389,AD,7787.229687,6,CA,100,BC,200,INTERNET,linux
0.915858686,84,-0.432904371,AC,5972.762108,8,CA,162,BA,200,INTERNET,windows
0.433118034,9,28.44006555,AA,2870.469207,6,CC,45,BC,1500,INTERNET,linux
0.379043224,37,-0.720851477,AB,6801.057669,8,CA,163,BD,1500,INTERNET,windows
0.474803837,213,-1.017537275,AB,7879.118441,15,CA,-32,BB,200,INTERNET,other
0.13413289,65,-0.522302751,AB,6314.90842,14,CA,160,BA,1500,INTERNET,windows
0.431276712,19,-1.223559375,AD,4177.131896,15,CA,101,BC,200,INTERNET,other
0.03441724,49,41.87615349,AA,9939.196584,15,CB,37,BC,500,INTERNET,linux
0.159617298,362,-0.245927091,AB,776.6493864,12,CA,202,BA,1500,INTERNET,windows
0.374622848,368,-1.293849607,AD,3400.037324,14,CA,39,BE,200,INTERNET,linux
0.387451999,5,23.38256968,AA,8779.371705,23,CA,200,BC,510,INTERNET,linux
0.520925688,11,26.23398888,AA,8164.350976,4,CA,200,BD,1500,INTERNET,macintosh
0.157426949,16,-1.487678554,AB,8503.524453,5,CA,87,BA,200,INTERNET,other
0.27424024,12,-1.332032082,AC,5133.661435,16,CA,63,BC,200,INTERNET,other
0.840272529,121,-1.150678316,AB,6622.901118,2,CB,88,BB,200,INTERNET,linux
0.160138781,36,-0.964374147,AB,8063.049443,10,CA,-23,BB,200,INTERNET,other
0.477269529,14,-1.472781222,AB,4191.52788,7,CA,193,BC,1500,INTERNET,linux
0.487860957,5,-0.536342271,AB,9724.5507,17,CA,138,BC,510,INTERNET,other
0.904897534,33,-1.195419551,AB,5054.977588,14,CA,74,BB,200,INTERNET,linux
0.8578656,49,20.17468442,AA,5244.058834,7,CA,91,BC,200,INTERNET,macintosh
0.834837017,16,-1.247033477,AB,8740.575595,18,CA,183,BE,1500,INTERNET,windows
0.274840382,159,23.49265885,AA,6430.092257,7,CA,172,BE,200,INTERNET,other
0.531337496,251,49.17929568,AA,5321.032703,8,CA,231,BE,1500,INTERNET,other
0.200994758,81,97.74155098,AA,9572.939805,8,CB,69,BC,200,INTERNET,linux
0.5471538,128,-1.163855733,AD,5314.611564,16,CA,234,BD,1500,INTERNET,windows
0.174210116,157,-1.453883459,AB,7656.132914,9,CA,306,BB,1500,INTERNET,windows
0.099186757,40,-0.560991724,AD,11483.60582,15,CA,72,BA,200,INTERNET,linux
0.641114483,35,-0.718644866,AB,9163.235696,15,CD,51,BE,200,INTERNET,windows
0.89907185,194,-0.822086666,AB,4470.497718,7,CA,107,BE,200,INTERNET,windows
0.901102177,60,-1.308481128,AC,6847.084751,6,CA,146,BC,200,INTERNET,linux
0.841803308,77,-1.14318004,AD,10828.97682,10,CA,151,BB,200,INTERNET,linux
0.212803089,197,24.64897178,AA,7641.152213,6,CB,20,BC,200,INTERNET,linux
0.574116297,87,21.12952668,AA,8585.086931,7,CA,12,BC,500,INTERNET,other
0.737839316,26,34.13873509,AA,10302.07779,13,CA,62,BC,200,INTERNET,linux
0.450762241,101,-0.654499818,AB,8294.53825,7,CA,140,BC,200,INTERNET,windows
0.701913264,199,-0.501763102,AB,1444.543908,7,CB,297,BA,1500,INTERNET,windows
0.533873507,23,-0.42836286,AB,12737.49371,10,CA,118,BC,200,INTERNET,linux
0.181048866,198,-0.843423311,AB,8483.101149,5,CA,127,BA,200,INTERNET,other
0.988975739,2,34.02152148,AA,4967.00465,6,CA,74,BC,200,INTERNET,linux
0.485679972,15,-1.26211542,AC,7497.911747,17,CA,146,BC,200,INTERNET,windows
0.447156029,183,50.09126276,AA,9835.894796,17,CA,180,BA,1500,INTERNET,windows
0.580438729,118,-0.85783453,AD,6142.807382,10,CA,100,BE,200,INTERNET,windows
0.576094646,225,-0.747386932,AB,3921.576002,11,CA,85,BE,500,INTERNET,other
0.598368919,31,25.26274474,AA,1913.868258,16,CA,103,BB,500,INTERNET,other
0.800038727,39,23.16104891,AA,7203.713393,6,CA,81,BC,200,INTERNET,linux
0.346674671,5,-1.856256562,AB,6550.031616,19,CA,34,BC,500,INTERNET,windows
0.052486393,5,-1.354002493,AD,8783.362005,10,CA,153,BC,200,INTERNET,other
0.122482874,18,-1.078951859,AB,4137.554834,10,CA,95,BB,200,INTERNET,linux
0.499384387,91,-1.338837199,AD,7668.844162,2,CA,51,BC,200,INTERNET,other
0.878362632,190,49.19159377,AA,8248.992129,29,CA,207,BE,1500,INTERNET,other
0.160221689,66,-0.934441832,AD,11831.49866,14,CB,166,BE,1000,INTERNET,other
0.691366922,3,-1.018385259,AB,2684.891055,17,CA,75,BC,1500,INTERNET,linux
0.582089837,42,-0.944586909,AD,7687.805883,4,CB,89,BC,200,INTERNET,other
0.076668325,211,-0.998287563,AB,11638.20979,5,CC,160,BD,500,INTERNET,linux
0.475289228,10,-1.079107911,AB,6843.714295,10,CA,69,BC,200,INTERNET,linux
0.995952755,23,-0.686723469,AD,11126.12248,25,CF,38,BE,200,INTERNET,other
0.82559676,29,-0.547330884,AD,4098.409369,17,CA,126,BC,200,INTERNET,other
0.777652006,285,35.3563959,AA,8571.955386,2,CB,118,BA,200,INTERNET,other
0.865594368,3,-0.636493956,AB,6878.777965,18,CA,136,BC,500,INTERNET,linux
0.494240758,41,-1.323033062,AC,1477.428448,4,CA,178,BB,1500,INTERNET,macintosh
0.313512017,74,-0.147076199,AA,13852.84854,8,CA,12,BC,200,INTERNET,linux
0.998886331,63,-0.444628199,AB,7670.612139,14,CA,88,BC,200,INTERNET,other
0.524041153,5,-0.957320726,AC,11513.73058,12,CA,31,BB,200,INTERNET,linux
0.622932604,77,27.55797905,AA,3497.047116,5,CE,43,BB,200,INTERNET,windows
0.162169324,223,-1.510692665,AB,6824.361992,2,CC,69,BB,200,INTERNET,other
0.656436131,59,26.20526144,AA,5887.02403,14,CA,26,BA,500,INTERNET,windows
0.790534814,8,-0.542981671,AB,410.4304039,9,CA,68,BB,200,INTERNET,linux
0.891933552,14,23.70153887,AA,8176.193856,13,CA,38,BE,200,INTERNET,windows
0.302553564,129,-1.421222475,AB,13990.14344,15,CA,161,BA,1500,INTERNET,other
0.829721356,154,50.98643034,AA,12795.33594,6,CA,192,BE,1500,INTERNET,other
0.190209033,29,-0.912393667,AB,8544.640149,17,CA,166,BC,500,INTERNET,windows
0.823256431,149,7.86374186,AA,8189.707952,1,CC,296,BA,1500,INTERNET,windows
0.828721318,44,9.235000135,AA,7872.839716,4,CB,106,BC,1500,INTERNET,other
0.998248196,45,33.06753754,AA,6883.814598,12,CA,273,BA,2000,INTERNET,windows
0.125653119,44,-1.214646777,AB,9802.890189,16,CB,220,BC,200,INTERNET,linux
0.274508927,362,-0.827747519,AA,8160.476229,16,CA,296,BC,1500,INTERNET,windows
0.27412597,169,-1.516375683,AB,7617.905844,8,CA,157,BC,1500,INTERNET,other
0.082267119,177,-1.192719756,AB,13191.2749,15,CB,81,BA,200,INTERNET,linux
0.74289987,60,-1.290635626,AA,4258.938632,12,CF,15,BE,200,INTERNET,linux
0.514097514,31,21.77597647,AA,7564.48449,8,CB,118,BC,200,INTERNET,windows
0.080387633,43,108.0025868,AA,7943.715187,15,CB,227,BC,500,INTERNET,other
0.821219511,47,19.43778881,AA,12232.75874,16,CA,35,BC,200,INTERNET,other
0.545956266,7,-0.348357734,AD,3527.959952,5,CA,95,BC,200,INTERNET,linux
0.869499056,179,-1.610539743,AB,6893.477012,3,CC,299,BA,1500,INTERNET,other
0.53025327,8,-1.174373315,AC,3563.512799,10,CB,126,BD,500,INTERNET,other
0.724668556,11,-0.980370966,AB,6086.889221,9,CA,173,BC,200,INTERNET,linux
0.815898343,60,51.88132998,AA,6158.117591,13,CE,117,BC,200,INTERNET,other
0.146272515,72,11.42268399,AA,11574.44264,12,CA,93,BC,1500,INTERNET,windows
0.884993416,129,102.0682287,AA,11629.48822,8,CA,91,BE,200,INTERNET,other
0.733897039,56,32.5059942,AA,9212.129779,14,CA,77,BC,200,INTERNET,linux
0.845692089,21,-1.004313346,AB,12882.35626,16,CA,90,BE,200,INTERNET,other
0.530942579,6,-0.784918889,AD,5564.686942,19,CD,102,BE,1500,TELEAPP,other
0.170008755,50,-1.406986085,AD,7160.355908,15,CA,37,BA,200,INTERNET,linux
0.906291138,4,-1.482914264,AD,1993.514709,13,CA,132,BA,200,INTERNET,windows
0.117417341,37,-1.520805311,AB,10093.00418,21,CA,59,BB,200,INTERNET,linux
0.499779866,15,-1.92360936,AD,12228.82964,11,CA,206,BE,500,INTERNET,other
0.903142319,156,-1.798139549,AB,8217.806404,17,CA,195,BA,1500,INTERNET,windows
0.693615124,8,-0.977578957,AD,3150.311594,18,CA,92,BC,200,INTERNET,linux
0.760072198,21,49.54228475,AB,7343.714975,3,CA,180,BC,1000,INTERNET,windows
0.678009632,40,13.98855061,AA,11136.44318,21,CF,76,BC,200,INTERNET,linux
0.074377286,3,-1.241013399,AB,999.3780397,7,CA,165,BB,500,INTERNET,windows
0.213575798,0,-1.211309573,AB,9452.811149,12,CA,168,BA,500,INTERNET,linux
0.47565116,17,27.71338657,AA,3301.260395,19,CA,73,BC,200,INTERNET,linux
0.827017521,65,-1.016249692,AB,12957.66803,23,CB,83,BA,200,INTERNET,linux
0.906651461,40,16.40480654,AA,8324.822882,12,CF,95,BF,200,INTERNET,other
0.354734432,2,-1.284195741,AB,3401.623022,16,CA,94,BE,200,INTERNET,linux
0.044629385,261,40.87295512,AA,8246.914998,3,CB,19,BA,200,TELEAPP,macintosh
0.875093314,193,102.9939786,AA,6304.29101,13,CA,116,BA,200,INTERNET,macintosh
0.52708569,0,-1.010098566,AB,11540.39451,14,CA,184,BC,1500,INTERNET,other
0.517216341,7,-1.241948488,AB,10968.69572,6,CB,130,BA,1500,INTERNET,other
0.103309227,14,-1.635474685,AB,6579.385707,13,CB,148,BC,510,INTERNET,macintosh
0.074818158,195,-1.246933025,AB,1403.009977,7,CA,128,BA,1500,INTERNET,linux
0.563625039,6,-1.197882067,AD,2440.313559,14,CB,49,BB,200,INTERNET,other
0.195435151,30,-1.380017129,AB,7975.230498,14,CB,133,BC,200,INTERNET,other
0.223935926,81,-1.295357063,AB,7700.996633,2,CB,115,BA,200,INTERNET,other
0.868883859,5,-1.164481643,AB,7927.716373,13,CA,356,BA,1500,INTERNET,windows
0.016076407,68,-1.402056347,AD,3467.326398,13,CA,26,BB,200,INTERNET,linux
0.849714536,21,-0.433449171,AB,5814.299057,9,CA,50,BB,2000,INTERNET,windows
0.086707857,3,-0.94654574,AB,9803.494511,10,CE,50,BE,200,INTERNET,other
0.096589035,308,27.38470095,AA,8552.31347,5,CA,-26,BE,200,INTERNET,windows
0.504167853,124,-1.121654885,AC,4178.996358,3,CD,97,BB,200,INTERNET,linux
0.465968668,5,-1.092292875,AD,9310.631234,14,CB,35,BC,200,INTERNET,other
0.158123343,6,-2.152599639,AC,8624.958555,15,CC,151,BC,500,INTERNET,linux
0.545634675,29,-0.813277535,AD,9524.096633,8,CA,47,BB,1000,INTERNET,other
0.076636804,21,-1.209502776,AB,8684.880672,18,CF,101,BC,200,INTERNET,other
0.242139488,56,-1.570452326,AC,10170.79666,5,CA,100,BB,500,INTERNET,other
0.007856943,37,46.61587951,AA,7371.625309,7,CA,156,BA,500,INTERNET,windows
0.751468405,50,51.67425883,AA,10080.26313,16,CA,225,BC,1500,INTERNET,linux
0.87060225,199,-0.775181044,AA,7932.916847,13,CA,178,BE,500,INTERNET,linux
0.535010165,205,22.66668439,AA,7374.594704,19,CA,48,BE,200,INTERNET,macintosh
0.089051216,1,-1.291751875,AC,8203.123042,15,CB,76,BC,200,INTERNET,linux
0.848984801,41,-1.427411969,AD,3846.262844,22,CA,177,BE,1500,INTERNET,linux
0.537818482,28,-0.694553325,AC,8263.66301,3,CA,84,BE,200,INTERNET,windows
0.191169757,83,-0.710803221,AB,4765.08386,22,CA,81,BA,200,INTERNET,macintosh
0.046041649,20,-0.567301976,AB,8510.491954,13,CA,68,BC,200,INTERNET,linux
0.870918028,135,-1.0603387,AD,4581.07578,13,CA,78,BC,200,INTERNET,other
0.401956775,3,-1.077656575,AD,8683.978667,15,CA,152,BC,200,INTERNET,windows
0.739848148,244,-0.893820043,AD,7497.200038,14,CA,69,BE,200,INTERNET,linux
0.190444944,44,24.64007881,AA,4068.902861,12,CA,112,BA,200,INTERNET,windows
0.176185483,365,-1.313555941,AB,7768.687367,12,CA,59,BA,1000,INTERNET,other
0.092066567,78,-1.074962421,AD,7309.793927,17,CA,89,BE,200,INTERNET,other
0.753037207,178,20.95133482,AA,5022.32447,16,CA,160,BE,1500,INTERNET,other
0.370032606,5,-1.330708721,AB,10236.96418,8,CA,86,BB,200,INTERNET,windows
0.134684328,184,-0.766148383,AD,7993.446504,14,CA,12,BE,200,INTERNET,other
0.643264566,94,26.00096435,AA,10010.00443,9,CB,56,BB,200,INTERNET,other
0.110100073,59,-1.574910374,AC,7396.363501,4,CC,68,BA,200,INTERNET,linux
0.523958422,17,-0.970379363,AC,6349.594637,9,CB,79,BC,200,INTERNET,linux
0.5780422,29,-0.263050286,AB,8004.601521,7,CB,93,BB,200,INTERNET,other
0.562378545,170,17.61787091,AA,14460.37008,19,CE,43,BE,200,INTERNET,other
0.11519398,127,-1.156851459,AC,4227.377901,13,CA,115,BA,200,INTERNET,other
0.997777956,23,-0.760375357,AB,3035.32835,4,CD,183,BB,500,INTERNET,linux
0.249908176,42,-1.242549432,AC,7086.271671,14,CB,131,BC,200,INTERNET,windows
0.139739471,50,102.3265897,AA,2997.40186,6,CA,312,BC,1500,INTERNET,other
0.721394725,192,-1.750769408,AB,6028.517208,4,CC,91,BE,200,INTERNET,other
0.510514887,18,-1.147468818,AC,10118.47351,12,CA,109,BC,1500,INTERNET,other
0.898559945,4,-1.11936444,AD,11533.03672,23,CB,191,BC,1500,INTERNET,linux
0.070346759,48,-0.4476796,AC,7630.018666,10,CA,112,BC,500,INTERNET,other
0.830372927,3,-0.381598257,AC,3983.338359,10,CB,60,BC,200,INTERNET,other
0.590389095,210,-1.4569068,AB,7762.980129,1,CB,118,BC,200,INTERNET,linux
0.759729354,64,-1.29366829,AB,8087.031264,23,CB,111,BE,200,INTERNET,other
0.735965743,10,-0.831302941,AD,3839.249914,23,CB,-80,BC,200,INTERNET,linux
0.852871236,156,-0.411473919,AB,6801.958377,6,CA,200,BC,1500,INTERNET,windows
0.677618445,52,14.42351045,AA,3462.753375,6,CA,113,BC,200,INTERNET,other
0.43777105,25,-0.638925587,AB,7359.37744,16,CB,184,BC,1500,INTERNET,macintosh
0.594802394,0,-0.953836463,AD,7002.917054,8,CB,139,BC,200,INTERNET,other
0.748879871,20,-1.275219694,AC,8808.775116,15,CA,30,BC,200,INTERNET,linux
0.474308766,28,-0.835339545,AD,6154.680003,18,CA,223,BC,1500,INTERNET,other
0.171633769,51,17.97221523,AA,7805.521849,2,CF,59,BC,200,INTERNET,linux
0.329707698,3,7.532256858,AA,11337.2337,5,CA,96,BC,200,INTERNET,linux
0.485979295,75,103.1065364,AA,8370.453321,4,CB,112,BA,200,INTERNET,other
0.784886295,52,-0.539662756,AB,4803.745715,14,CB,263,BE,1500,INTERNET,other
0.664045248,178,-1.01304781,AB,8277.869914,7,CA,96,BE,1500,INTERNET,windows
0.204479412,14,-0.998103958,AD,7514.677971,15,CB,57,BC,200,INTERNET,linux
0.519852432,86,-1.063257067,AD,5141.170701,3,CB,42,BC,200,INTERNET,linux
0.484798666,12,-1.217765056,AC,7749.131767,13,CA,100,BC,200,INTERNET,windows
0.838424178,11,-1.659831253,AB,5093.140836,6,CA,252,BC,1500,INTERNET,windows
0.639833777,227,-1.579359008,AB,11491.28898,1,CC,91,BB,200,INTERNET,linux
0.992795327,4,-0.833993884,AB,6420.811103,12,CA,258,BA,1500,INTERNET,windows
0.600276362,2,-1.033834275,AB,11856.89886,9,CA,196,BC,1500,INTERNET,linux
0.627786909,53,-1.410676149,AB,7822.216591,15,CA,41,BB,200,INTERNET,other
0.101942081,80,49.32143517,AA,9628.396041,10,CA,219,BE,500,INTERNET,other
0.693228108,8,-0.975693048,AC,9814.88933,12,CA,38,BE,200,INTERNET,other
0.145418885,150,-1.23221544,AB,7493.248342,13,CB,93,BB,200,INTERNET,windows
0.255246512,94,34.95384017,AA,11956.15982,12,CA,47,BC,1500,INTERNET,other
0.445351226,17,-0.899250395,AC,3785.58822,11,CA,-74,BE,200,INTERNET,linux
0.999181437,14,-0.827292178,AC,8917.047486,24,CA,213,BC,500,INTERNET,linux
0.781507632,238,23.56060921,AA,13082.1175,7,CA,73,BE,1500,INTERNET,other
0.225074576,244,23.42951003,AA,7719.993684,8,CB,3,BE,200,INTERNET,other
0.896918409,115,-0.937186962,AB,7735.876828,15,CA,284,BC,1000,INTERNET,windows
0.060268841,12,-1.298391498,AC,9050.494575,9,CB,76,BC,200,INTERNET,windows
0.180176295,3,-1.179983224,AC,7171.10952,4,CA,102,BA,200,INTERNET,linux
0.763126734,252,-1.049850466,AB,9785.449589,8,CA,110,BD,200,INTERNET,linux
0.039360231,73,-0.285180856,AB,13340.00813,8,CF,153,BA,200,INTERNET,windows
0.677313466,193,18.12555035,AA,10269.65154,2,CC,81,BB,500,INTERNET,windows
0.508151425,44,37.84278417,AA,7790.773917,17,CA,167,BC,200,INTERNET,linux
0.094526846,49,14.67175228,AA,5195.248897,7,CA,94,BD,200,INTERNET,other
0.752610888,129,-0.931358454,AD,11219.20881,1,CC,105,BA,200,INTERNET,linux
0.842500738,12,24.7214703,AA,6015.641208,14,CA,74,BC,200,INTERNET,linux
0.05881262,29,-1.240633644,AB,10548.92777,11,CB,140,BC,200,INTERNET,macintosh
0.080120636,11,-0.395271604,AD,6962.870973,14,CB,115,BE,200,INTERNET,other
0.66095064,1,-0.983377761,AB,12752.55734,15,CA,118,BD,1000,INTERNET,linux
0.820815535,10,-1.099878195,AD,7617.136208,19,CA,47,BC,1500,INTERNET,windows
0.05429567,80,13.94431262,AA,3772.9775,13,CA,104,BC,200,INTERNET,other
0.150393243,97,41.46928929,AA,2666.888336,13,CA,-6,BE,500,TELEAPP,other
0.829765115,74,-1.138125252,AD,10910.60467,12,CB,192,BA,1500,INTERNET,other
0.573277756,-1,-1.355642542,AD,6966.770644,16,CB,138,BC,200,INTERNET,linux
0.221280832,299,31.46670488,AA,12173.37244,20,CB,56,BC,200,INTERNET,linux
0.846247881,9,-0.307423578,AB,7037.452861,6,CA,230,BC,1500,INTERNET,linux
0.74866414,65,96.57178023,AA,9779.980818,11,CD,157,BA,500,INTERNET,other
0.993869701,115,-1.377903283,AB,9270.406817,3,CB,95,BB,1500,INTERNET,other
0.083585829,17,-1.664076741,AB,6671.552775,9,CB,85,BC,200,INTERNET,linux
0.582216618,29,-0.300955095,AD,13893.68871,8,CA,129,BC,500,INTERNET,linux
0.234050494,8,-1.239849457,AB,8918.11828,4,CA,261,BA,1500,INTERNET,windows
0.75419065,32,6.293673218,AA,7518.315525,19,CA,106,BE,200,INTERNET,windows
0.254734696,38,24.78122463,AA,5473.613022,12,CE,16,BE,200,INTERNET,windows
0.313006524,10,13.00059974,AA,5597.905886,18,CB,196,BE,1000,INTERNET,other
0.574325467,32,9.740905679,AA,1002.64258,7,CB,180,BC,1500,INTERNET,windows
0.996555915,308,-1.756681481,AB,7421.903918,2,CD,158,BD,500,INTERNET,linux
0.724235514,119,-1.142492193,AD,10108.99339,18,CA,212,BC,1500,INTERNET,linux
0.367731562,50,-1.163988347,AC,5508.389966,21,CA,210,BB,1500,INTERNET,windows
0.995775035,60,24.01026113,AA,10660.35044,7,CA,55,BA,200,INTERNET,other
0.115442955,8,-0.745281311,AC,7871.299466,11,CB,95,BA,500,INTERNET,other
0.566250173,17,10.1994511,AA,7248.591723,6,CA,212,BC,500,INTERNET,windows
0.617947204,38,-1.007377971,AB,3432.407797,8,CA,151,BE,200,INTERNET,linux
0.359535291,18,15.31176534,AA,13122.2106,13,CA,31,BB,200,INTERNET,linux
0.817935808,157,-1.638240955,AD,9693.217604,10,CA,87,BE,200,INTERNET,other
0.853484292,55,-1.470817494,AD,8811.681896,10,CA,78,BC,500,INTERNET,linux
0.824069124,125,-1.149294855,AD,7934.766707,15,CA,64,BC,200,INTERNET,other
0.558143502,35,-1.358426451,AB,10154.17559,17,CA,152,BC,1500,INTERNET,linux
0.217657419,25,-1.725922681,AB,4398.981747,4,CA,189,BE,200,INTERNET,other
0.706144798,22,45.38686243,AA,6481.992244,17,CB,52,BC,200,INTERNET,linux
0.530869335,45,-1.144660512,AB,5135.232456,5,CB,81,BE,200,INTERNET,other
0.265212368,229,-1.407444284,AC,6302.114497,1,CC,215,BA,1000,INTERNET,other
0.236174668,77,47.87290251,AA,3791.49749,20,CA,182,BC,200,INTERNET,other
0.758509314,40,-0.9455549,AB,7394.460162,9,CB,110,BC,200,INTERNET,linux
0.163549608,148,12.22574799,AA,3834.873013,13,CA,109,BC,200,INTERNET,other
0.439524247,17,-1.245051281,AB,2726.936469,8,CD,191,BC,1500,INTERNET,linux
0.043257391,44,-0.907803017,AB,8096.868127,13,CF,88,BB,200,INTERNET,other
0.251846486,1,-0.521953028,AC,3400.570158,8,CA,82,BC,200,INTERNET,windows
0.075011383,52,35.34636295,AA,7292.791726,4,CA,133,BC,200,INTERNET,windows
0.254250421,187,-1.1120328,AB,7623.973546,1,CC,300,BA,1500,INTERNET,windows
0.807002784,60,-1.533927269,AD,7402.232408,13,CA,96,BC,200,INTERNET,other
0.155872825,203,-1.050578432,AB,15151.89268,4,CA,105,BB,200,INTERNET,linux
0.033077322,57,10.9249023,AA,8532.485344,6,CD,4,BB,200,INTERNET,linux
0.213252812,10,-0.493438246,AB,9087.103177,7,CA,101,BB,1500,INTERNET,linux
0.063679302,18,33.44788929,AA,2880.71002,7,CA,186,BC,1500,INTERNET,other
0.438077979,16,-8.575021235,AA,8783.053194,10,CF,87,BB,200,INTERNET,other
0.062366497,49,-1.290527105,AC,4314.717948,5,CB,136,BC,200,INTERNET,linux
0.696938213,60,-1.503292141,AB,11361.7402,18,CC,23,BB,200,INTERNET,linux
0.435524785,22,37.76396466,AA,11065.21804,14,CD,14,BB,200,INTERNET,windows
0.168276941,52,36.135901,AA,13268.76461,1,CC,110,BB,200,INTERNET,linux
0.329338197,142,26.77491213,AA,6761.851301,15,CB,93,BC,200,INTERNET,other
0.519457001,5,-1.658143959,AC,7733.194346,12,CA,110,BB,200,INTERNET,linux
0.08385006,373,-1.571132184,AB,8188.424004,14,CA,106,BE,200,INTERNET,linux
0.40849572,370,-0.55145911,AD,7571.949814,4,CA,65,BA,200,INTERNET,other
0.207366453,374,46.80383653,AA,4359.806778,5,CA,280,BA,1500,INTERNET,linux
0.53629029,257,-0.757106309,AD,8735.635106,2,CF,59,BA,200,INTERNET,x11
0.409154618,239,-0.307496059,AB,14776.80316,6,CA,248,BA,1500,INTERNET,other
0.142332764,7,18.54068766,AA,8471.832364,12,CA,68,BF,200,INTERNET,linux
0.220819297,157,-2.033419549,AB,7180.301936,4,CB,31,BA,1500,INTERNET,other
0.76122424,170,-0.673116799,AC,807.9393451,15,CB,209,BA,1500,INTERNET,windows
0.445472125,3,-1.409331182,AB,13178.81628,15,CA,120,BC,500,INTERNET,other
0.324546848,21,-0.883916862,AC,12617.42116,10,CA,80,BB,200,INTERNET,linux
0.128456698,50,29.51257797,AA,11408.99156,13,CA,47,BE,200,INTERNET,linux
0.494454449,16,-0.734844268,AC,3868.724273,10,CD,218,BB,200,INTERNET,other
0.363586855,33,-1.475848401,AD,7441.542241,22,CB,40,BE,200,INTERNET,other
0.573924354,335,26.76037509,AA,14082.63935,13,CA,118,BE,200,INTERNET,windows
0.692640083,64,-0.34979495,AD,4387.521198,18,CE,25,BE,200,INTERNET,other
0.610298716,73,-0.404081598,AC,4346.714599,6,CA,134,BC,200,INTERNET,windows
0.750418812,12,-0.400609023,AB,3547.833113,17,CA,34,BC,1500,INTERNET,other
0.72556013,359,55.86361556,AA,7935.325619,6,CB,90,BA,200,INTERNET,other
0.877060518,86,42.1293809,AA,10759.02414,14,CA,117,BE,1500,INTERNET,other
0.280933618,7,-1.40184177,AB,10019.63383,4,CA,39,BC,200,INTERNET,other
0.031357037,174,-1.405418966,AD,7480.167303,7,CB,140,BE,500,INTERNET,linux
0.777784556,3,-0.481200278,AB,2642.699385,18,CA,215,BC,1000,INTERNET,linux
0.803343297,144,-1.096469294,AB,10966.35144,7,CA,175,BC,1500,INTERNET,linux
0.409444853,10,-0.980050871,AC,9609.98167,16,CB,136,BC,200,INTERNET,other
0.06725451,67,26.02212177,AA,14411.49547,6,CB,48,BC,200,INTERNET,other
0.146100934,180,48.25523352,AA,6836.793976,15,CB,154,BC,500,INTERNET,linux
0.341332453,178,25.73990388,AA,12695.92972,3,CA,120,BC,200,INTERNET,other
0.515631811,44,-0.733271882,AD,8287.220083,15,CB,142,BE,200,INTERNET,other
0.466824488,188,27.76375433,AA,11534.61496,5,CB,159,BA,1500,INTERNET,windows
0.225259124,-1,-1.05843372,AD,8105.240002,11,CA,76,BC,200,INTERNET,linux
0.387157855,4,-1.259101179,AB,3312.964353,11,CF,133,BB,200,INTERNET,linux
0.538472008,39,-1.424868208,AB,6077.811272,14,CA,184,BC,1500,INTERNET,linux
0.03329802,25,-0.788794572,AB,5309.838897,15,CA,65,BA,1000,INTERNET,windows
0.016954137,41,-1.505625046,AB,8522.233696,6,CA,24,BE,200,INTERNET,linux
0.563786377,35,-1.168183474,AB,7904.648161,20,CB,156,BC,500,INTERNET,other
0.125533943,9,51.36117287,AA,5919.606251,14,CA,145,BE,200,INTERNET,windows
0.456447255,14,-0.336223356,AB,8184.525444,21,CA,96,BE,200,INTERNET,linux
0.434779468,1,-1.215654011,AD,8575.404435,14,CB,90,BC,200,INTERNET,linux
0.8474293,46,-0.304331027,AC,2700.640463,9,CA,77,BB,200,INTERNET,other
0.188197867,36,32.94365122,AA,4308.129002,9,CB,77,BC,200,INTERNET,other
0.148305958,61,-1.191192867,AA,3450.282469,12,CB,48,BC,500,INTERNET,linux
0.092871564,107,-0.695906136,AB,3814.032687,10,CB,52,BB,200,INTERNET,windows
0.861632009,14,-1.229872876,AD,10642.15176,10,CA,173,BC,1500,INTERNET,windows
0.43589159,3,-1.16652507,AD,7925.856201,2,CC,157,BB,500,INTERNET,linux
0.660543818,28,-1.188081267,AD,9038.895849,15,CB,105,BE,200,INTERNET,other
0.696065603,8,25.77550597,AA,4334.529093,6,CA,150,BC,200,INTERNET,windows
0.86670671,105,-0.985449063,AD,3190.520152,23,CA,187,BE,1500,INTERNET,linux
0.996602714,30,-1.034021995,AD,7859.454076,4,CB,98,BB,1500,INTERNET,windows
0.087934884,2,17.8416267,AD,12195.61013,22,CA,59,BC,200,INTERNET,linux
0.367312134,21,29.30281241,AA,6912.5586,29,CB,74,BC,200,INTERNET,windows
0.910412002,107,-1.215463215,AD,7940.511216,1,CC,88,BC,200,INTERNET,linux
0.388398408,104,-1.872950919,AD,8352.684057,13,CB,24,BB,200,INTERNET,linux
0.236911674,0,-1.33025812,AB,8366.431683,16,CB,108,BC,200,INTERNET,other
0.101564679,130,-0.987811582,AB,9748.02746,7,CA,223,BA,1500,INTERNET,linux
0.610354036,182,-0.893402791,AB,113.3452047,19,CA,278,BB,1500,INTERNET,other
0.519451757,1,42.23195667,AA,8577.056704,16,CA,35,BC,200,INTERNET,linux
0.686931989,84,14.70477309,AA,3731.831343,9,CA,289,BA,1500,INTERNET,linux
0.471631342,2,-0.980981593,AC,4399.465659,9,CB,105,BC,200,INTERNET,linux
0.305729652,13,-1.132468904,AD,3307.561004,14,CA,82,BC,200,INTERNET,other
0.231623653,39,22.43383168,AA,8292.377714,3,CA,102,BD,200,INTERNET,windows
0.790123377,1,-0.807291938,AD,1197.308353,15,CA,163,BC,1500,INTERNET,other
0.748467114,189,-1.422450181,AB,12399.28998,27,CA,193,BB,1500,INTERNET,other
0.099227533,55,-0.932999842,AC,6637.163117,18,CA,176,BC,1500,INTERNET,other
0.075362606,42,-1.496434534,AD,6304.067713,18,CB,-38,BB,200,INTERNET,linux
0.499928069,13,-1.338098599,AD,11721.06187,19,CB,133,BC,200,INTERNET,linux
0.115707475,368,20.46644798,AA,6666.883274,7,CA,149,BE,1500,INTERNET,linux
0.508690223,48,-0.462254597,AB,6272.511021,9,CA,129,BC,200,INTERNET,linux
0.348997159,7,-1.021996148,AC,10567.96424,8,CB,-123,BC,200,INTERNET,other
0.692351926,66,-1.27664111,AB,6995.084533,17,CA,127,BC,500,INTERNET,linux
0.514396364,36,-1.336658715,AB,10121.21168,4,CB,64,BB,200,INTERNET,windows
0.225329865,9,-1.032492992,AD,7351.343452,4,CA,145,BE,200,INTERNET,other
0.796158596,180,-0.842606458,AD,5288.162098,20,CA,345,BA,1500,INTERNET,windows
0.445938834,58,50.81345188,AA,5300.223073,17,CA,59,BE,200,INTERNET,other
0.54179763,29,-0.311774045,AB,10620.97808,8,CA,227,BE,1000,INTERNET,other
0.694627356,8,11.33804166,AA,7995.62165,18,CA,47,BA,1500,INTERNET,linux
0.129337467,39,-0.9495202,AD,4105.958944,15,CA,186,BC,500,INTERNET,windows
0.472216742,344,-0.529983833,AB,6478.880894,15,CB,62,BE,1500,INTERNET,other
0.047876082,37,16.72812203,AA,15377.62319,19,CA,153,BE,200,INTERNET,other
0.672496931,6,-1.125537998,AD,7955.112657,16,CB,107,BC,200,INTERNET,other
0.553515869,38,-0.677216024,AB,8014.434274,7,CA,87,BC,200,INTERNET,windows
0.534471912,13,-0.826529921,AD,1535.896079,16,CA,67,BC,200,INTERNET,other
0.729521112,202,37.50325398,AA,5113.190567,10,CA,28,BE,200,INTERNET,other
0.224576161,232,23.48082514,AA,8313.512623,3,CA,59,BB,200,INTERNET,linux
0.021761103,159,-0.906278504,AB,8645.37014,15,CB,66,BA,200,INTERNET,linux
0.514374294,9,-0.939891823,AD,7603.372331,19,CA,59,BC,200,INTERNET,windows
0.540969134,99,-1.374656939,AD,14674.00046,13,CB,141,BC,200,INTERNET,linux
0.770849297,67,26.52383474,AA,8776.676755,15,CA,23,BE,1500,INTERNET,linux
0.464326322,23,-1.1247446,AB,3451.73223,4,CD,89,BB,200,INTERNET,other
0.139587812,25,-0.865018841,AC,4788.083992,20,CA,134,BE,200,INTERNET,other
0.781464336,249,47.32372668,AA,3325.197209,14,CA,180,BE,1500,INTERNET,other
0.788291024,9,-1.147014418,AB,7694.189816,18,CA,222,BB,1500,INTERNET,other
0.534922045,374,4.678294737,AA,6629.377245,14,CC,241,BB,1000,INTERNET,other
0.996908605,370,27.89850172,AA,2815.582353,17,CB,55,BB,200,INTERNET,other
0.06489509,32,-0.449197636,AB,9623.305543,12,CD,92,BB,200,INTERNET,linux
0.777849167,142,-1.035740115,AD,7270.582503,5,CB,150,BA,1000,INTERNET,linux
0.515124606,189,-1.551444205,AB,13221.34748,8,CB,210,BB,1500,INTERNET,other
0.804323014,42,-1.09921601,AB,776.2105176,20,CA,199,BC,1500,INTERNET,windows
0.173348699,29,-1.492013647,AB,8082.831876,21,CB,75,BC,1500,INTERNET,windows
0.767918968,5,-5.13776413,AA,4999.75333,13,CA,58,BC,200,INTERNET,windows
0.854166501,79,-0.735986044,AD,6068.667596,14,CB,11,BE,200,INTERNET,other
0.637899319,45,-1.263181599,AA,7736.057696,13,CA,55,BD,200,INTERNET,other
0.133864542,61,-1.227886489,AB,3939.966391,12,CA,224,BB,1500,INTERNET,windows
0.089027325,25,-1.591147652,AA,4981.707113,7,CF,75,BB,200,INTERNET,windows
0.108637697,47,-1.080147918,AD,11735.44125,19,CA,190,BA,1500,INTERNET,linux
0.511479747,238,-0.610426763,AC,8427.498348,7,CA,367,BA,1500,INTERNET,other
0.990928652,4,-1.866712208,AC,7966.270603,6,CA,125,BC,200,INTERNET,linux
0.82649017,57,-1.106426959,AB,6169.795015,13,CB,129,BA,200,INTERNET,windows
0.280811284,365,-1.666629915,AB,10127.93745,7,CB,86,BB,200,INTERNET,linux
0.855398803,84,17.08219382,AA,12040.54553,15,CA,204,BC,1500,INTERNET,other
0.557928603,92,-0.892358699,AD,10882.87116,4,CB,199,BC,1500,INTERNET,other
0.581433694,7,-1.286382697,AD,8435.350507,15,CA,73,BC,200,INTERNET,linux
0.538899845,12,-1.77060997,AB,3755.094143,16,CA,182,BC,200,INTERNET,other
0.775719805,153,-1.003301359,AD,14239.15803,14,CA,76,BB,200,INTERNET,windows
0.872374447,6,-0.528646755,AB,8151.188536,10,CA,180,BE,1500,INTERNET,windows
0.708412788,5,-0.847142119,AB,4193.386812,15,CA,114,BC,500,INTERNET,linux
0.654418949,122,-1.32287362,AC,7465.948613,5,CA,144,BB,200,INTERNET,windows
0.064186824,25,50.18764486,AA,6837.515931,14,CA,54,BC,200,INTERNET,other
0.03545488,8,-5.252369055,AA,3534.263631,12,CA,34,BB,200,INTERNET,other
0.736606323,5,-1.298528438,AB,7236.249196,19,CA,234,BC,1500,INTERNET,windows
0.263899153,23,-0.395163576,AC,7759.89316,13,CB,145,BC,200,INTERNET,other
0.102131342,169,100.9261452,AA,8473.036939,12,CA,80,BA,200,INTERNET,other
0.187193658,74,13.58489283,AA,8061.890602,17,CA,15,BC,200,INTERNET,other
0.81378735,88,50.89947422,AA,7851.469926,13,CA,144,BE,200,INTERNET,windows
0.610952781,46,-1.84192967,AB,7113.806379,13,CA,55,BB,200,INTERNET,other
0.152147841,5,100.7642128,AA,8658.766053,14,CA,175,BC,500,INTERNET,windows
0.706161042,25,-0.78884751,AD,2298.399208,15,CB,115,BC,500,INTERNET,linux
0.068947948,47,104.8884482,AA,10055.3485,10,CA,55,BE,200,INTERNET,x11
0.435353568,43,33.0326561,AA,7883.066397,17,CA,91,BE,200,INTERNET,windows
0.119710012,303,-1.456395932,AD,7873.158428,18,CA,75,BE,200,INTERNET,windows
0.131553115,5,-1.636671058,AB,9435.637861,11,CA,217,BC,1500,INTERNET,windows
0.608100741,42,-1.190842517,AC,7011.6797,4,CA,229,BA,1000,INTERNET,windows
0.027808368,26,-1.215411375,AD,5055.5603,17,CB,86,BC,200,INTERNET,linux
0.144453937,294,44.11821365,AA,8057.250104,5,CA,125,BE,1500,INTERNET,linux
0.805198578,34,96.0685722,AB,11996.91644,20,CB,208,BC,1500,INTERNET,windows
0.553572521,43,52.65049644,AA,6845.260046,19,CA,68,BC,200,INTERNET,other
0.386360768,222,-0.949641933,AD,9930.534811,9,CA,10,BE,200,INTERNET,other
0.616424879,41,24.9977428,AA,8770.419948,13,CB,123,BB,200,INTERNET,linux
0.3501258,150,-0.885474613,AD,13340.04123,2,CA,216,BE,1500,INTERNET,windows
0.239735687,0,-0.908344287,AD,13498.67661,29,CA,85,BC,200,INTERNET,linux
0.471234956,155,-1.080779662,AB,10278.68319,8,CF,20,BB,200,INTERNET,linux
0.849436336,121,-1.238072222,AD,7680.178944,6,CA,18,BE,200,INTERNET,windows
0.993586168,7,-0.728581127,AB,11443.76703,12,CA,172,BC,1500,INTERNET,linux
0.18021842,114,8.706789463,AA,7804.613451,17,CB,259,BA,1500,INTERNET,other
0.858295622,36,-1.327334716,AD,6988.780916,14,CA,118,BE,200,INTERNET,windows
0.069926607,0,-1.664781386,AB,3480.075805,12,CA,138,BC,500,INTERNET,macintosh
0.59325739,121,-1.096868425,AD,7348.7182,14,CB,205,BC,990,INTERNET,linux
0.640153322,185,-0.984165903,AD,6958.687147,5,CA,3,BE,200,INTERNET,windows
0.820082339,205,17.1101251,AA,7730.619773,14,CA,151,BA,1500,INTERNET,other
0.600358088,318,-0.626944062,AB,10170.50833,14,CA,28,BA,200,INTERNET,linux
0.129198282,182,20.00350804,AA,9356.428615,3,CC,135,BA,500,INTERNET,windows
0.137116848,17,-1.377994726,AD,9910.462745,9,CA,153,BC,510,INTERNET,linux
0.411252909,5,-1.597873115,AB,15389.89551,16,CB,54,BD,200,INTERNET,linux
0.302772451,184,35.1622452,AB,4636.620365,7,CA,-54,BE,200,INTERNET,linux
0.7339589,12,50.03428631,AA,6373.60124,14,CB,68,BC,200,INTERNET,linux
0.436050139,7,-0.953283794,AB,7253.770853,13,CA,60,BC,200,INTERNET,linux
0.06354209,4,-1.124025487,AB,8244.284397,19,CA,70,BE,200,INTERNET,other
0.286231216,25,-1.528021068,AB,7342.311171,14,CB,113,BE,1500,INTERNET,other
0.499978857,241,25.04261961,AA,4988.925803,13,CD,32,BE,200,INTERNET,linux
0.816666199,12,-1.060185175,AC,7261.058427,19,CA,162,BE,1500,INTERNET,windows
0.864121362,2,-1.207031385,AB,681.6189235,14,CA,145,BC,1000,INTERNET,windows
0.913427417,190,-0.967713113,AB,6192.507711,14,CB,63,BE,200,INTERNET,linux
0.480399018,115,-0.830704194,AC,2924.579763,22,CA,89,BE,200,INTERNET,other
0.328759846,90,-0.867378204,AB,3533.474614,5,CA,202,BA,1500,INTERNET,other
0.488208243,34,50.84283463,AA,1407.914571,11,CA,210,BC,1500,INTERNET,other
0.543365528,17,-1.389754862,AC,9064.6545,20,CB,244,BC,1500,INTERNET,windows
0.477545095,28,-0.890132141,AC,12485.68596,8,CA,113,BC,200,INTERNET,linux
0.892110744,192,-1.205786467,AB,7495.881352,2,CC,56,BB,200,INTERNET,other
0.507219218,58,98.43577141,AC,8511.69575,19,CA,230,BC,1500,INTERNET,windows
0.675786373,27,-1.596000292,AD,6603.976818,19,CA,55,BE,200,INTERNET,windows
0.296652967,123,28.40910696,AA,10474.96658,2,CC,212,BA,1000,INTERNET,other
0.389258597,19,-0.977305331,AD,6539.912425,13,CB,60,BC,200,INTERNET,linux
0.01365222,4,-1.563749903,AC,9175.180145,12,CB,174,BC,500,INTERNET,linux
0.213755624,1,-0.672825864,AD,7666.696107,12,CA,165,BC,1500,INTERNET,linux
0.631097726,118,41.56982111,AA,7763.220184,14,CB,160,BE,500,INTERNET,windows
0.499428226,43,-0.307149833,AD,5476.161638,15,CB,87,BB,200,INTERNET,linux
0.262093173,45,-0.819826657,AC,9103.658819,15,CF,27,BD,200,INTERNET,other
0.209338114,40,-1.265506234,AD,8393.901497,14,CB,87,BE,200,INTERNET,other
0.923558895,67,-0.629988538,AB,4797.64542,16,CB,186,BA,1500,INTERNET,macintosh
0.634571638,29,-1.020540735,AB,8016.779541,16,CA,196,BB,200,INTERNET,windows
0.171554379,23,30.10013014,AA,10020.58292,9,CB,95,BC,200,INTERNET,x11
0.148979061,99,-0.742507689,AD,6399.03854,23,CB,103,BA,200,INTERNET,windows
0.526182338,222,-1.065426613,AB,8109.479266,10,CA,100,BE,200,INTERNET,other
0.729050886,50,5.115329439,AA,5804.980479,12,CA,100,BC,200,INTERNET,other
0.796926943,192,51.36156315,AA,667.9642981,18,CA,220,BA,1500,INTERNET,linux
0.991533313,30,-0.731556595,AD,11527.5568,15,CC,159,BC,200,INTERNET,linux
0.535370428,99,-1.116563172,AA,10893.87345,1,CC,112,BC,200,INTERNET,linux
0.248315103,45,-1.437842647,AB,14590.41328,6,CA,114,BB,200,INTERNET,other
0.510257863,51,-1.082779743,AB,6230.151399,18,CA,89,BB,200,INTERNET,other
0.696079268,7,49.15307539,AA,7057.006236,14,CA,212,BC,1500,INTERNET,other
0.245210659,55,-0.41855036,AD,3657.338636,14,CA,117,BB,200,INTERNET,linux
0.357564703,17,14.73829891,AA,9071.218129,8,CA,69,BD,200,INTERNET,linux
0.464927455,99,104.3408492,AA,5673.652641,7,CA,279,BC,1500,INTERNET,linux
0.127756161,366,-1.529428655,AB,8630.009883,5,CA,152,BA,500,INTERNET,windows
0.804041982,291,-1.17419015,AB,6962.74343,13,CA,207,BE,1500,INTERNET,linux
0.568234024,5,-1.267598946,AB,4968.168391,3,CA,87,BC,200,INTERNET,linux
0.59582121,16,-1.124272225,AB,5938.531853,18,CA,171,BC,1500,INTERNET,windows
0.583937392,1,-0.774877827,AB,9003.686672,10,CA,104,BD,200,INTERNET,windows
0.767368808,99,-1.168613411,AC,1133.562768,19,CA,60,BD,1500,INTERNET,linux
0.138657411,181,-1.181644139,AD,7265.344873,6,CA,127,BC,200,INTERNET,macintosh
0.999074968,5,-0.958664617,AC,1656.435816,2,CA,130,BC,200,INTERNET,linux
0.006071734,36,-1.50932031,AD,9192.451188,5,CB,83,BB,1500,INTERNET,linux
0.530445085,366,-1.236952499,AD,9946.73806,6,CA,269,BB,1500,INTERNET,linux
0.791476279,177,-0.670689493,AB,8055.959367,18,CA,254,BE,1500,INTERNET,other
0.28883834,-1,-1.163246642,AC,1525.178116,7,CA,136,BC,200,INTERNET,linux
0.07967263,164,-1.184045424,AB,8762.835201,13,CA,105,BB,200,INTERNET,linux
0.741225191,9,-0.798667967,AB,3788.684559,6,CA,58,BC,200,INTERNET,linux
0.532067773,52,-1.070670864,AD,12365.11424,5,CA,198,BC,200,INTERNET,linux
0.505100941,295,-1.236544392,AC,6945.457549,14,CD,39,BB,200,TELEAPP,other
0.492074229,3,-0.865512676,AD,8022.726245,15,CB,195,BE,200,INTERNET,other
0.306791018,26,-1.151086412,AB,8229.281571,11,CA,61,BB,200,INTERNET,linux
0.56434894,61,19.16123869,AA,7666.25981,15,CB,55,BA,200,INTERNET,other
0.073005829,24,-1.113141675,AB,6098.945798,10,CA,138,BC,200,INTERNET,linux
0.100247441,15,31.58340433,AA,4477.326425,12,CA,100,BE,200,INTERNET,linux
0.746961045,253,-1.054066807,AB,9044.062063,9,CA,176,BE,1500,INTERNET,linux
0.508599322,51,-1.5499285,AB,11958.59079,5,CA,88,BC,200,INTERNET,linux
0.270734363,6,-1.853419513,AB,3703.313257,18,CA,53,BA,200,INTERNET,linux
0.999279225,42,-1.045686481,AB,10416.45355,15,CD,49,BB,1500,INTERNET,linux
0.555914716,160,-1.261734275,AB,12461.13898,4,CA,106,BA,200,INTERNET,linux
0.487717104,7,-1.017345278,AD,8226.413844,16,CA,42,BC,200,INTERNET,linux
0.800681159,5,-0.761950051,AB,9122.268688,18,CA,66,BC,1000,INTERNET,other
0.169248024,47,-0.314106009,AD,8923.591769,19,CA,53,BE,200,INTERNET,windows
0.468344168,35,50.50126651,AA,10287.96948,5,CA,122,BC,200,INTERNET,linux
0.171884693,69,34.59943475,AA,9907.703874,15,CB,76,BC,200,INTERNET,linux
0.178103014,56,-1.500496465,AB,8440.321162,16,CB,29,BC,200,INTERNET,linux
0.715458807,238,-1.423895735,AB,9062.152518,10,CA,26,BB,200,INTERNET,other
0.800155219,97,-1.411733297,AB,9924.570037,16,CA,204,BA,1500,INTERNET,other
0.888130147,201,-2.078877511,AB,4671.426255,9,CA,141,BA,500,INTERNET,windows
0.192993145,75,51.67286413,AA,7759.370149,5,CA,112,BC,500,INTERNET,linux
0.323421871,53,-1.006536904,AD,8154.570314,10,CB,112,BC,200,INTERNET,macintosh
0.565722892,9,-0.336672993,AD,8686.671365,16,CB,86,BB,200,INTERNET,linux
0.505897894,26,-1.305400344,AD,13246.93576,17,CB,219,BE,1500,INTERNET,other
0.011256378,178,-1.240940693,AB,7315.637764,6,CA,34,BA,200,INTERNET,other
0.443617006,18,27.60162036,AA,5259.934988,5,CD,43,BC,200,INTERNET,linux
0.485403623,12,-1.859254981,AC,8951.52041,9,CB,194,BC,500,INTERNET,macintosh
0.068411351,15,-1.261756755,AD,7117.692543,14,CA,61,BE,200,INTERNET,other
0.042596047,36,-1.412345468,AD,10464.98858,19,CA,65,BC,200,INTERNET,linux
0.734611338,24,-1.611448117,AB,8222.793724,15,CA,135,BC,200,INTERNET,linux
0.457431225,1,-0.6739275,AB,6002.812522,10,CB,59,BE,200,INTERNET,windows
0.691776438,373,16.5624287,AA,13560.10763,9,CE,165,BC,1500,INTERNET,linux
0.127369166,173,-1.476135549,AD,4695.577992,9,CB,89,BC,200,INTERNET,macintosh
0.454559854,46,-0.903427111,AC,6459.102546,6,CF,216,BC,500,INTERNET,other
0.506434024,56,-1.277678825,AD,10445.32906,15,CA,126,BB,200,INTERNET,other
0.147577875,39,-1.298984642,AB,8443.975755,13,CB,85,BC,200,INTERNET,other
0.252931262,18,-1.072932235,AC,12991.46015,16,CA,94,BB,200,INTERNET,linux
0.027037912,11,-1.553183092,AB,2893.204763,18,CA,178,BB,1000,INTERNET,linux
0.133716795,193,16.71730802,AA,1950.788475,13,CD,60,BB,200,INTERNET,linux
0.456037949,44,-1.268421637,AB,8293.023949,11,CE,120,BC,200,INTERNET,other
0.616622178,30,-1.698189509,AD,4757.651166,13,CA,158,BC,500,INTERNET,windows
0.731716195,165,50.12896266,AA,7103.223325,8,CA,114,BE,200,INTERNET,other
0.190185205,43,-1.145993366,AD,7476.725679,4,CA,41,BC,200,INTERNET,other
0.545372775,21,-1.038813651,AD,7066.821296,13,CB,126,BC,200,INTERNET,other
0.644380001,260,50.19266185,AA,8889.49284,16,CE,71,BE,200,INTERNET,windows
0.794314248,189,98.48557301,AA,5731.753628,29,CA,87,BE,200,INTERNET,other
0.761403924,78,-1.044447412,AD,2355.113005,7,CA,130,BE,1500,INTERNET,windows
0.819613284,1,-0.690610202,AB,10818.58103,13,CA,150,BC,200,INTERNET,x11
0.101463199,175,-0.417839887,AC,6093.32791,8,CA,133,BE,200,INTERNET,other
0.241474324,69,-1.207441442,AD,7122.725103,17,CF,132,BC,200,INTERNET,linux
0.217103634,55,42.21307781,AA,7455.818771,7,CF,171,BB,1500,INTERNET,linux
